audio_filepath,transcript,transcription
sounds/common_voice_ja_19534088.wav,国はどちらですか,国はどちらですか?
sounds/common_voice_ja_19534120.wav,きょうは早い時間に家を出ます,今日は早い時間に家を出ます
sounds/matthew_02-08.wav,そこでヘロデは占星術の学者たちをひそかに呼び寄せ星の現れた時期を確かめた,そこでヘロでは戦生術の学者たちをひそかに呼び寄せ、星の現れた時期を確かめた。
sounds/common_voice_ja_19683015.wav,不幸にもその大惨事で生き残った乗客はほとんどいなかった,不幸にもその第三次で生き残った条件はほとんどいなかった。
sounds/common_voice_ja_19682731.wav,自分でテーブルを作ります,自分でテーブルを作ります
sounds/common_voice_ja_19580204.wav,風邪の具合はどうですか,風の具合はどうですか
sounds/matthew_02-15.wav,占星術の学者たちが帰って行くと主の天使が夢でヨセフに現れて言った起きて子供とその母親を連れてエジプトに逃げわたしが告げるまでそこにとどまっていなさいヘロデがこの子を探し出して殺そうとしている,戦生術の学者たちが帰っていくと、主の天使が夢で寄せふに現れていった。起きて、子どもとその母親を連れてエジプトに逃げ、私が継げるまでそこに届まっていなさい。ヘロデがこの子を探し出して殺そうとしている。
sounds/matthew_02-21.wav,ラマで声が聞こえた激しく嘆き悲しむ声だラケルは子供たちのことで泣き慰めてもらおうともしない子供たちがもういないから,らまで声が聞こえた、激しく投げき悲しむ声だ。ラケルは子供たちのことでなき。
sounds/common_voice_ja_19507473.wav,彼が新進気鋭の学者と新聞で紹介された男かい,彼が真心企園の学者と新聞で紹介された男会?
sounds/common_voice_ja_19485246.wav,山田さんはいつも元気ですけれどもきょうは静かです,山田さんはいつも元気ですけれども、今日は静かです。
sounds/common_voice_ja_19492777.wav,ドルペッグの意味は強い国につけということです,ドルペックの意味は強い国に付けということです
sounds/common_voice_ja_19502605.wav,彼女は歩きながら話した,彼女は歩きながら話した
sounds/common_voice_ja_19682151.wav,彼女は本に夢中になっていた,彼女は本に無注になっていた
sounds/common_voice_ja_19529152.wav,彼女は僕にやさしい,彼女は僕に優しい
sounds/common_voice_ja_19763876.wav,不幸な過去は忘れるようにしたほうがよい,不幸な角は忘れるようにした方が良い
sounds/common_voice_ja_19673791.wav,父は私の楽観を乱さないことにした,父親は私の若干を満たさないことにした
sounds/common_voice_ja_19507468.wav,祖母の遺灰は寺院に置かれた骨壷に入っている,そぼの違いはジーンに置かれたコツツボに入っている
sounds/common_voice_ja_19537422.wav,父はニューヨークへ旅行することになっています,実は入力をすることになっています
sounds/common_voice_ja_19507541.wav,父はたくさんたばこを吸います,父はたくさんたばこをすいます。
sounds/common_voice_ja_19620105.wav,冬が長くて辛ければそれだけ歓びも大きいのだ,冬が長くてつらければ、それだけ喜びも大きいのだ。
sounds/common_voice_ja_19485543.wav,父はかかりつけの医師を呼びにいった,父はここにつけの石を呼びに行った
sounds/common_voice_ja_19500898.wav,小林さんはそのレストランを知りませんでした,怖いしさんはそのレストランを知りませんでした。
sounds/common_voice_ja_19547328.wav,洋服屋さんは妻と私に半々に言った,洋服屋さんは、詰まと私に半範に行った
sounds/common_voice_ja_19682763.wav,彼女は話す前にせきばらいする癖がある,彼女は話す前に責罰来いする癖がある
sounds/matthew_01-04.wav,ユダはタマルによってペレツとゼラをペレツはヘツロンをヘツロンはアラムを,ユダはたまるによってペレツとゼラをペレツはヘツロンをヘツロンはアラムを
sounds/matthew_01-10.wav,,うじやはよたむ。よたむはあはずを。あはずはひぜきやを。
sounds/common_voice_ja_38413226.wav,セリヌンティウスは無言で首肯うなずきメロスをひしと抱きしめた友と友の間はそれでよかった,セリネンティースは無鋼で俯らずき メロスを日しと抱きしめた友と友の間はそれで良かった
sounds/common_voice_ja_19547326.wav,物価は上昇し続けた,どっかは調子をし続けた
sounds/matthew_02-02.wav,イエスはヘロデ王の時代にユダヤのベツレヘムでお生まれになったそのとき占星術の学者たちが東の方からエルサレムに来て,イエスはヘロデオの時代に、ユダヤの別れへむでお生まれになった。その時、戦生術の学者たちが東の方からエルサレムに来て、
sounds/common_voice_ja_19712370.wav,物価がまた上がるそうだ,ブッカがまた上がるそうだ
sounds/common_voice_ja_19683001.wav,不公平の存在は否認しなかった,福公平の存在は被認しなかった
sounds/common_voice_ja_19547314.wav,氷が薄いから君の体重では無理だ,氷が薄いから君の体重では無理だ
sounds/common_voice_ja_19763470.wav,たくさんごはんを食べれば丈夫な体になります,たくさんご飯を食べれば上部なカラダになります。
sounds/common_voice_ja_19763931.wav,勝てる試合になぜ勝てそうなピッチャーを先発させないのだろうか,カテレシアイになぜカテソーなピッチャーを先発させないのだろうか
sounds/common_voice_ja_19492761.wav,部屋の電気がつかない,部屋の電気がつかない
sounds/common_voice_ja_19507460.wav,入試前の夏休みだというのに本ばかり読みふけっていた,入島への夏休みだというのに、本ばかりを目付けていた。
sounds/common_voice_ja_19507469.wav,あそこに小さい女の子がいます,あそこに小さい女の子がいます
sounds/common_voice_ja_19682955.wav,彼女は病気で見る影もなかった,彼女は病気で見る影もなかった
sounds/common_voice_ja_19507433.wav,木村さんに英語を教えます,キムラさんに影響を教えます
sounds/common_voice_ja_19547310.wav,官軍に入城を許すとはどういう了見だ,官軍に入場をいるストアどういう料件だ
sounds/matthew_02-22.wav,慰めてもらおうともしない子供たちがもういないから,何さめてもらおうともしない 子どもたちがもういないから
sounds/common_voice_ja_19485599.wav,ムクドリのヒナを親鳥に返せますか,残りのひなおやどりに帰ってますか
sounds/common_voice_ja_38040712.wav,中村係長は桂君たちの手がらをほめておいて部下のふたりを建物の裏にまわし自分はふたりの制服警官をしたがえてポーチにあがると,中村駆り調は、カツラ君たちの手柄を掘めておいて、部下の二人は建物の裏に回し、自分は二人の政府経過を伝えて、ポーチに上がると。
sounds/common_voice_ja_19763933.wav,病人は唇をかすかに動かした,病人は口びるをかすかに動かした
sounds/common_voice_ja_19763877.wav,父はちょうど帰宅したところです,父はちょうど起宅したところです
sounds/common_voice_ja_19673790.wav,夫はいつもベッドで本を読む,お MARTIN RETISiene
sounds/common_voice_ja_19547340.wav,ここ一ヶ月はほとんど不眠不休の徹夜続きで目が腫れ上がっている,ここ1ヶ月はほとんど踏み普及の鉄や続きで寝が張れ上がっている
sounds/common_voice_ja_19507449.wav,林さんはコンピューターの会社で働いています,早しさんはコンピュータオの会社で働いています
sounds/common_voice_ja_19482479.wav,沸騰している湯に塩を入れなさい,photo chezていろいよnasio 日本 at
sounds/common_voice_ja_19682894.wav,父は仕事で時々オーストラリアに出かけます,地地は仕事で時々オーストラリアに出かけます
sounds/common_voice_ja_19523284.wav,父はふだんバスで事務所へ行きます, Tutkâğı için ve oyan...
sounds/common_voice_ja_19485884.wav,自然の知恵でよく知っている,自然の地へで良く知っている
sounds/common_voice_ja_19682191.wav,貧血で倒れました,品血で倒れました
sounds/common_voice_ja_38394792.wav,本船の方へ引っ張り上げようとしているとちょうどそのときハンカチのついた棒を穴から突き出す者があるので,本線の方にいっぱい出せようとしたとき、ちょうどその時、パンガツのツイッカボー、あるか好きやすものがあるので。
sounds/matthew_01-02.wav,アブラハムの子ダビデの子イエスキリストの系図,アブラハムの子、ダビでの子、イエスキリストのケーズ。
sounds/common_voice_ja_38352247.wav,農夫にも痛切なのでその頑固な役人たちは何か秘密の申し合せとか不正とかでもあるのではないかとかぎ廻りその上一人の指導者を見つけ出した,農夫にも通説なのでその岩行な役人たちは何か秘密の申し合わせとか不正とかでもあるのではないかと限りその上一人の指導者を見つけ出した
sounds/common_voice_ja_19682822.wav,病気ですか顔が青白いよ,病気ですか顔がおじろいよ
sounds/common_voice_ja_19534086.wav,病院で検査用の血液を採血した,病院で検査用の決意器を採掘した。
sounds/common_voice_ja_19763930.wav,来週そちらへ行くとき飲み物を買っていきます,来週そちらへ行く時飲み物を買っていきます
sounds/common_voice_ja_19682844.wav,どうぞ皆様も最後の一瞬まで粘り抜いてください,どうぞ皆様も最後の一瞬までねわり抜いてください
sounds/common_voice_ja_19547313.wav,父の勘定につけといてください,父の感情につけておいてください
sounds/common_voice_ja_19779198.wav,彼女は病気だったようだ,彼女は病気だったようだ。
sounds/common_voice_ja_19682678.wav,支払いは割り勘にしよう,しはだいは割り換にしよう
sounds/common_voice_ja_19779199.wav,百合が雨のために打ち倒されてしまった,ゆりが雨のために 打ち倒されてしまった。
sounds/common_voice_ja_19485626.wav,副作用はありませんか,福祉を終わりませんか
sounds/common_voice_ja_19682078.wav,父が病気になったので私たちは医者を呼びにやった,父が病気になったので私たちは医者を呼びにあった。
sounds/common_voice_ja_19485875.wav,父は海外にいる間手紙や電話でわれわれと接触し続けた,知事は海外にいる間、手紙や電話で我々と接触をし続けた
sounds/common_voice_ja_19547339.wav,彼女は本の絵をノートに書き移した,彼女は本来をノートに書き打つした
sounds/common_voice_ja_19485657.wav,彼女は盲人のために募金をしている,彼女は文字のためにボキンをしている
sounds/common_voice_ja_19677956.wav,彼女は未だかつて北海道へ行ったことがない,彼女は今だかって 回道へ行ったことがない
sounds/matthew_01-18.wav,こうして全部合わせるとアブラハムからダビデまで十四代ダビデからバビロンへの移住まで十四代バビロンへ移されてからキリストまでが十四代である,こうして全部合わせると、油はむからダビデまで14台。ダビデからバビロン家の20まで14台。バビロン家を映されてからキリストまでが14台である。
sounds/common_voice_ja_19712366.wav,おととい寒かったので雪が降りました,おとといさん買ったので、ユキンが振りました。
sounds/common_voice_ja_19507501.wav,物事は中途半端にするな,物事は中途半端にするな
sounds/common_voice_ja_19534058.wav,部屋の中の人々は何も言わなかった,家の中の人々は何も言わなかった。
sounds/matthew_02-17.wav,ヘロデが死ぬまでそこにいたそれはわたしはエジプトからわたしの子を呼び出したと主が預言者を通して言われていたことが実現するためであった,ヘロデが死ぬまでそこにいた。 それは、私はエジプトから私の子を呼び出したと、主が4年生を通して言われていたことが実現するためであった。
sounds/common_voice_ja_19712331.wav,コーヒーはいかがですか,好費はいかがですか?
sounds/matthew_02-19.wav,さてヘロデは占星術の学者たちにだまされたと知って大いに怒ったそして人を送り学者たちに確かめておいた時期に基づいてベツレヘムとその周辺一帯にいた二歳以下の男の子を一人残らず殺させた,さて、ヘロでは先生術の学者たちに騙されたと知って、多いに行かった。そして、人を送り、学者たちに確かめておいた時期に戻ずいて、別れへむとその周辺一体にいた、二歳以下の男の子を一人残らず殺させた。
sounds/common_voice_ja_19492774.wav,彼女は妹に辞書を買ってやった,彼女は妹に自賞を買ってやった
sounds/common_voice_ja_19507526.wav,山田さんはお父さんが医者です,山田さんはお父さんが医者です。
sounds/common_voice_ja_19507439.wav,日本には美しい都市が多い例えば京都奈良だ,日本には美しい年が多い、例えば京都ならだ。
sounds/common_voice_ja_19763879.wav,一番の人から十番の人まで入ってください,一番の人から、10番の人まで入ってください。
sounds/common_voice_ja_19529151.wav,わたしは外国人に日本語を教えています,私は外国人に日本語を教えています。
sounds/matthew_01-08.wav,ソロモンはレハブアムをレハブアムはアビヤをアビヤはアサを,そろもんは、デハブアム。デハブアムは、アビアを。アビアは、朝を。
sounds/common_voice_ja_19485243.wav,わたしはあの人のことを覚えていませんでした,私はあの人のことを覚えていませんでした
sounds/common_voice_ja_19500968.wav,疲れた少年はぐっすり眠っている,疲れた少年は薄くすり眠っている
sounds/common_voice_ja_19485556.wav,わたしは学生です,私は学生です
sounds/common_voice_ja_19534040.wav,訴訟リスクの高さも産科医にのしかかる,組織リスクの高さも3回に同士かかる
sounds/common_voice_ja_19682963.wav,田中さんは元気な人です,田中さんは元気な人です
sounds/common_voice_ja_19507442.wav,どうもありがとうございました,どうもありがとうございました。
sounds/matthew_01-21.wav,このように考えていると主の天使が夢に現れて言ったダビデの子ヨセフ恐れず妻マリアを迎え入れなさいマリアの胎の子は聖霊によって宿ったのである,このように考えていると、主の天使が夢に現れていった。ダビで残酷予製風、恐れずつまマリアを迎え入れなさい。マリアの太野子は生霊によってやどったのである。
sounds/common_voice_ja_19482490.wav,負傷者を病院に運びなさい, وشو شعو بيوني حد قربي نسائي
sounds/common_voice_ja_19547306.wav,彼女は名前をアンに変えた,この字は名前は案に変えた
sounds/common_voice_ja_19492760.wav,彼女は毛糸でセーターを編んでいる,彼女はゲートでセータをあんでいる
sounds/common_voice_ja_19682411.wav,父は社長に昇進した,実際は社長にご視聴した
sounds/common_voice_ja_19534153.wav,必要の前に法律はない,必要の前に法律はない
sounds/common_voice_ja_19507424.wav,彼女は隣の人の幸運を妬んでいた,カラジオは隣の人の子を値段でいた。
sounds/common_voice_ja_38040554.wav,新しい踊り手が舞いこんだとでもいうふうに彼女のほうを振り向いたのだった事実一瞬のあいだはフリーダが鞭を落してしまいそうに見えたが,新しいを取り手が舞い込んだとでも言う風に、彼女の方へ振り向いたのだった。実一瞬間はフリーラが無調をとってしまいそうに見えたが。
sounds/common_voice_ja_38413223.wav,彼等は満八十歳になるとこの国の法律ではもう死んだものと同じように扱われ財産はすぐ子供が相続することになっています,かければまあ8月才になるとこの国の法従家も死んだものと同じように扱われ、財産はすぐ子供が想像することになっています。
sounds/common_voice_ja_19496609.wav,彼女は明かりをつけた,彼女はあかりおつけた
sounds/common_voice_ja_19534043.wav,彼女は帽子を風で飛ばされました,彼女は防止を風で飛ばされました。
sounds/common_voice_ja_19482543.wav,不平を言うなんてあなたらしくない,ご視聴ありがとうございました。
sounds/common_voice_ja_19507542.wav,あしたの夜は友達と会うので出かけます,明日の夜は友達と合うので、出かけます。
sounds/matthew_02-06.wav,彼らは言ったユダヤのベツレヘムです預言者がこう書いています,彼らは言った、ユダヤの別れへむです。 予言者が公開いています。
sounds/common_voice_ja_19496631.wav,全部で十あります,ぜんぼうで ご覧ください。
sounds/common_voice_ja_19499818.wav,父はゴルフをやるにはやるがうまくはない,父はゴルフをやるにはやるか?うまくはない
sounds/common_voice_ja_19507516.wav,彼女は留学するかもしれないとほのめかした,彼女は理由が薬かもしれないと好みかした。
sounds/common_voice_ja_19500967.wav,父は貿易業に従事している,ati町っぽ月よにジョージ STATE
sounds/common_voice_ja_19482491.wav,テロがあるからやめろとさんざんいわれた,ゼロがアロックラー 辞めるとサンザン言われた
sounds/common_voice_ja_38379908.wav,三人が三人ともいい身分になって立派に国を治めていましたそれが年よった悪魔をひどく困らせました,3人が3人ともいい意味分になって立派に国をさまっていました。それが年をった悪魔を一口回らせました。
sounds/common_voice_ja_19507438.wav,使わない物を本棚の上に上げます,使わないものを本棚の上に上げます。
sounds/common_voice_ja_19485591.wav,ユーモアとは高慢このうえない解毒剤だ,有者とは、後半この上の絵を続くだいだ。
sounds/common_voice_ja_19507450.wav,彼女は部屋に入ってきた,彼女は部屋に入ってきた
sounds/common_voice_ja_19485636.wav,それはきょうの新聞です,それは今日の新聞です。
sounds/matthew_01-22.wav,マリアは男の子を産むその子をイエスと名付けなさいこの子は自分の民を罪から救うからである,マリアは男の子をうむ、その子をイエストなぜけなさい。この子は自分の為を積みからスクーからである。
sounds/common_voice_ja_38413224.wav,宿に着くとすぐに自分の部屋へいきベッドの上に横になったフリーダはそのわきの床の上に寝床をつくった,やどに作ったすぐ自分の部屋行きベッドの上に横になったフリードはその湧きの横の上にネドコを作った
sounds/common_voice_ja_19710846.wav,なぜですか,のでですか
sounds/matthew_01-23.wav,このすべてのことが起こったのは主が預言者を通して言われていたことが実現するためであった,このすべてのことが起こったのは、主が余減者を通して言われていたことが実現するためであった。
sounds/common_voice_ja_19682195.wav,不注意が大事故につながる事がある,不注意が大事につながることがある
sounds/common_voice_ja_19507447.wav,わたしはスポーツがすきではありません,私はスポーツが好きではありません。
sounds/common_voice_ja_19507538.wav,きょうは友達と晩ごはんを食べます,今日は友達と番号版を食べます。
sounds/common_voice_ja_19482501.wav,田中さんの奥さんは大学の先生です,田中さんのおくさんは大学の先生です
sounds/common_voice_ja_19779197.wav,服は赤ピンク青色などであった,福は赤、ピンク、青色などであった。
sounds/common_voice_ja_19485252.wav,物事はあるがままに見よ,おなごとはあるがままに見よう
sounds/common_voice_ja_19677954.wav,父は昼食を食べるために読書をやめました,市地は中職を食べるために六賞をやめました
sounds/matthew_02-10.wav,彼らが王の言葉を聞いて出かけると東方で見た星が先立って進みついに幼子のいる場所の上に止まった,彼らが王の言葉を聴いてでかけると、 東方で見た星が先だってすみ、ついにおさなごのいる場所の上に止まった。
sounds/common_voice_ja_19507498.wav,父はよく皿洗いをします,父はよくさらわらぬよします
sounds/common_voice_ja_19682760.wav,彼女は頬をふくらませた,彼女は方法を復裸をませた
sounds/common_voice_ja_19555949.wav,おとといデパートで新しい靴を買いました,弟にデパートで新しい靴を買いました。
sounds/common_voice_ja_19534060.wav,生徒たちは廊下にまっすぐ並びます,セートとちはローカニマすぐながります。
sounds/common_voice_ja_19507440.wav,産科医が減り続け産科医療が危機に陥っている,3回が減り続け、3回量が危機に落ちている。
sounds/common_voice_ja_38040714.wav,ところが印度王はシモン王のことを聞いてすっかりその考えをまねてしまいましたそしてそればかりでなく自分の方でいろいろと工夫しました,ところが、インドウは、死もんをのことを聞いて、すっかりその考えをまねてしまいました。そして、そればかりでなく、自分の方でいろいろと工夫しました。
sounds/common_voice_ja_19534059.wav,あなた同様私もヤフオクの評価が信じられません,あなた同様、私もやふうこの評価が信じがれません。
sounds/common_voice_ja_19682407.wav,風邪を引いて頭が痛い,風を引いて頭が痛い
sounds/common_voice_ja_19547324.wav,富士山より高い山は日本にはない,富士山より高い山は日本にはない
sounds/common_voice_ja_19682325.wav,ここは零度なのでとても寒いです,ここは0となのでとても寒いです。
sounds/common_voice_ja_19547316.wav,図書館で勉強している田中さんを見ました,年間で勉強している田中さんを見ました。
sounds/common_voice_ja_19682990.wav,社長さんの車種と色は,社長さんのシャストいるわ
sounds/common_voice_ja_19492769.wav,そのコップはあなたのです,そのコップはあなたのです
sounds/common_voice_ja_19534111.wav,彼女は利口というよりむしろ賢明である,彼女は、リコーというより無視を懸命であって
sounds/common_voice_ja_38394793.wav,逃げなかったのですやっとのことでふみとどまったのです桂君は自分が名誉ある少年探偵団の一員であることを思いだしました,みんなかったんです。やっとんことにふみと止まったんです。ティー君は、自分がメイオナル、小データデータの一員だったんを思い出しました。
sounds/common_voice_ja_19496647.wav,彼女は彼をハンサムだといった,彼をハンサムだといた。
sounds/common_voice_ja_19676248.wav,ぶらぶらと球場まで十分足らずの道を歩いていく,ブラブラと急調まで10分たらずの道を歩いていく
sounds/common_voice_ja_38379911.wav,もしあの馬鹿がああして畑の仕事をつづけて行くとあいつらは困るということを知らないだろうあいつが二人の兄を養って行くだろうからね,もしあのバックが足で畑の仕事を続けていくと、あいつらは困るということを知らないのだろう。あいつが二人の案におやしなっていくだろうからね。
sounds/common_voice_ja_19486650.wav,わたしは今お金がありません,私は今お金がありません。
sounds/common_voice_ja_19710973.wav,父は病気で寝ていますのであなたに会えません,父は病気で寝ていますのであなたにはいません
sounds/common_voice_ja_19763473.wav,父はその家を売りに出した,父はその家を売り出した
sounds/common_voice_ja_38394775.wav,その物体の斜面にはたくさんの人間が上下に動きまわっているのですその姿がはっきりと見えるのです,その部隊のシャメには、たくさんのニヤが ゾリンが動きまっているのです。その姿をはきっと見えずのです。
sounds/common_voice_ja_38394780.wav,桂君がけっして手ぬかりはなかったといっていますみんな小学生ですけれどなかなかしっかりした人たちですからぼくも信用していいと思います,ティー君が消してている場合はなかったと言っています。みんな小学生ですけど、なかなかしっかりした人たちですから、僕も信用していいと思います。
sounds/common_voice_ja_19517026.wav,事故原因の究明は急いでもらいたい,地図県の救命は急いでもらいたい
sounds/common_voice_ja_19682244.wav,父は私に改心するように言った,父は私に回信するように行った
sounds/common_voice_ja_19485577.wav,わたしは本を読みました,私は本を読みました
sounds/common_voice_ja_19763604.wav,部屋の中に入ってください,部屋の中に入ってください
sounds/common_voice_ja_19486649.wav,ピラミッドを築くだけの苦労がそこにそそがれたはずであった,ピラミッドを傷つくだけの黒がそこに注がられたはずであった
sounds/common_voice_ja_19682074.wav,兵隊が町への道を封鎖した,平体が巻きへの道を封さした。
sounds/common_voice_ja_19486652.wav,彼女は流行に敏感である,彼女は流行リビン関である
sounds/common_voice_ja_19507455.wav,兵士は皆勇敢だった,平死はみな有感だった。
sounds/common_voice_ja_38394788.wav,あまり長くそこに立っていたためにすっかりお腹を空してしまいましたしかしたれもが塔の上へ食物を持って行くことなど考えもしませんでした,甘いんだがそこに触っていた方がためにすっかりお腹をくっそしてしまいました。しかしタイムがとの上に着物の持っていることは考えもしませんでした。
sounds/common_voice_ja_19537421.wav,病気の時見舞いに来てくれてどうもありがとう,病気の時に前に来てくれてどうもありがとう
sounds/common_voice_ja_19485555.wav,彼女は話が下手です,彼のでは話が下手です
sounds/common_voice_ja_19682893.wav,この村は静かできれいです,この村はしずかで綺麗です
sounds/common_voice_ja_19763774.wav,部屋には数人の学生がいた,部屋には数人の学生がいた。
sounds/common_voice_ja_19620103.wav,貧しさのため彼は研究を続けることが出来なかった,まずしたのため、彼は研究を続けることができなかった。
sounds/common_voice_ja_19580237.wav,財布をなくしたので交番へ行きます,財布はなくしたので、後半いきます。
sounds/common_voice_ja_19507477.wav,母に料理を教えてもらいました,母に料理を教えてもらいました。
sounds/common_voice_ja_19507445.wav,東京ミッドタウンは緑がいっぱい,東京ミッドタウンは緑がいっぱい。
sounds/common_voice_ja_19779201.wav,平和しか世界を救うことはできない,平和しか世界を救うことはできない
sounds/common_voice_ja_19710971.wav,氷は溶けて水になる,氷は溶けて水になる
sounds/common_voice_ja_38352244.wav,この原則は全体の優秀な組織によって正当なものとされますし事の処理が極度に速やかになされなければならないときにはどうしても必要なのです,この原則は全体の優勝な組織によって生存者されまし、この所で極とに済みやかになされなければならないときには、どうしても必要なのです。
sounds/common_voice_ja_19701173.wav,父は私の弟を掌中の玉のようにかわいがった,実は私の弟を承知の玉のようにかわいがった
sounds/common_voice_ja_19682307.wav,ここは二階です,ここは2回です
sounds/common_voice_ja_19485557.wav,安ければ買います,休ければ買います
sounds/common_voice_ja_19500921.wav,彼女は両親の願いに逆らってその外国人と結婚した,彼女は両親の願いに桜ってその外国人と結婚した。
sounds/common_voice_ja_19763771.wav,風邪に気をつけて,風に気をつけて
sounds/common_voice_ja_19492762.wav,彼女を秘書として使ってみよう,彼女を一緒として使ってみよう
sounds/common_voice_ja_19500895.wav,きのうは疲れていたので今朝遅く起きました,昨日は疲れていたので、けさおそこをきました。
sounds/common_voice_ja_19682989.wav,人物の独白があれば空から見おろすような描写がある,人物の毒箱があれば空から見下ろすような病者がある
sounds/common_voice_ja_19682329.wav,父は来週海外へ行くつもりだ,つちわ来週海外芸行屈盛りだ
sounds/common_voice_ja_19682928.wav,スーパーボウルを見るために会社を休んでいた事もありました,スーパーボールを見るために会社をやすんでいたこともありました
sounds/common_voice_ja_19529146.wav,父はお金にきちょうめんです,父はお金に貴重面です。
sounds/common_voice_ja_19683053.wav,あやうく某業者の甘言に騙され大損するところでした,早く防御業者の関係に誕生され、保存するところでした。
sounds/common_voice_ja_19537425.wav,腹を立てるのもあたりまえだな, حراء وتطير نمو أتريم أيضا نا
sounds/common_voice_ja_19682929.wav,夜は寒いのでコートを持って出かけます,ゆるは寒いので、こうと思って出かけます。
sounds/common_voice_ja_19485597.wav,分かりました気をつけて運転してください,わかりました。気をつけて運転してください。
sounds/common_voice_ja_19507537.wav,そっちへ行くと郵便局や銀行があります,そっちへ行くと、牛便局が銀行があります。
sounds/common_voice_ja_38379913.wav,イワンはまた他の木を伐り倒しにかかりましたするとまた前と同じようなことが起りましたイワンは汗びしょになりました,岩はまた他の木を切り倒しにかかりました。するとまた前と同じようなほどが起こりました。岩は朝日処理になりました。
sounds/common_voice_ja_19507490.wav,病気見舞いはかえってありがた迷惑だ,両機2枚は変えてありがためはくだ。
sounds/common_voice_ja_19534112.wav,山田さんは来月東京へ行くそうです,山田さんは来月東京へ行くそうです
sounds/common_voice_ja_38040709.wav,過度の緊張の結果が現われたのだったもちろんはなはだまずいときにである新しい知合いを探そうという気持が逆らいがたく彼の心をひいていた,角の緊張の結果が現れたのだった。 もちろんは花肌もあずいときに出会う。新しいシリアイを探そうという気持ちが 魚居がて浮かれの心を引いていた。
sounds/common_voice_ja_19492765.wav,たまにはビール以外のお酒をちびちび舐めるのも良いでしょう,玉ねはビール以外の先を地びちびなめるのも良いでしょう
sounds/common_voice_ja_19485554.wav,彼女は母親と一緒にやってきた,可能性はファフォーラと一緒にやってきた
sounds/common_voice_ja_19621166.wav,父は滅多に日曜日に外出することはない,父はメッタに日曜日に外出することはない。
sounds/common_voice_ja_19507458.wav,この果てしない宇宙にいるのは私たち人類だけですか,この果てしない宇宙にいるのは、私たち人類だけですか?
sounds/common_voice_ja_19701171.wav,布に応じて衣服を裁て," 몸온이 5시 팀, Liu예요."
sounds/common_voice_ja_19763996.wav,彼女は別れを告げずに立ち去った,彼女は別れをつげずに立ち去った。
sounds/matthew_02-11.wav,学者たちはその星を見て喜びにあふれた,学者たちはその星を見て喜びにあふれた。
sounds/common_voice_ja_19711826.wav,彼女は容易に試験にとおると思う,彼女は用意に試験に通ると思う。
sounds/common_voice_ja_19507514.wav,彼女は服装に大部分のお金を使う,彼女は複装に大部分のお金を使う。
sounds/matthew_01-13.wav,バビロンへ移住させられた後エコンヤはシャルティエルをもうけシャルティエルはゼルバベルを," Babilón, yo he idiosaserar a la noche. Econia, ¿sierro Tiel? ¿sierro Tiel? ¿a Zerlo Babel?"
sounds/common_voice_ja_19502604.wav,布団をたたみなさい,太もとたみなさい
sounds/common_voice_ja_38425473.wav,彼等は青年が愉快そうにしているのを見ては嫉妬しますそれは彼等がもうあんなに愉快にはなれないからです,カイラーは千年が予解するのを見てはずっとします。それはカイラーはもうあんなに予解いいのが何のカーです。
sounds/common_voice_ja_19507512.wav,不正には抗議せざるをえない,不正には攻撃せざるを終えない。
sounds/common_voice_ja_19682850.wav,非の打ち所がない計画は窮屈だなあ,ひのうちどこらがない計画は、急くつだな。
sounds/common_voice_ja_19580188.wav,新しい道ができたので村は便利になりました,新しい道ができたので、無駄は便利になりました。
sounds/common_voice_ja_19517025.wav,毎日忙しいのであまり休むことができません,毎日そのまちの手が悪いやすいことができません
sounds/common_voice_ja_38394787.wav,ラグナグ国と日本国とは絶えず行き来しているのですからこのストラルドブラグの話ももしかすると日本の人が本に書いているかもしれません,ラクナルコフト日本語は大豆一気をしているものですが、アップのストアルブロードの話も、もしかすると日本の人本に書いてみたもしありません。
sounds/matthew_01-06.wav,サルモンはラハブによってボアズをボアズはルツによってオベドをオベドはエッサイを,サルモンはラハブによってボアズを。ボアズはルツによってオベドを。オベドはSサイオ。
sounds/common_voice_ja_38040553.wav,イワンは百姓やおかみさんたちを招んで御馳走を食べて酔っぱらうまでに飲みましたそれから通りへ出て村の若者や娘たちが踊っている広場へ,岩は百少屋おかみさんたちを読んで、ごちそうを食べてよっからまでに飲みました。それから通り絵でて、村の若者やむお見すめたちを戻っている広場へ。
sounds/common_voice_ja_19482481.wav,彼女は腕にギブスをはめている,この女はお手にぎぶつをはめている
sounds/common_voice_ja_19482487.wav,父は私たちの中で一番背が高い,地中は私たちの中で一番性が高い。
sounds/common_voice_ja_19710969.wav,あなたの美意識を満足させるものは何ですか,あなたのB式を満足させるものは何ですか?
sounds/common_voice_ja_19499816.wav,文法は私の大嫌いなものですがためになります,文法は私の大嫌いのものですが、ためになります。
sounds/common_voice_ja_19763773.wav,今週テストが四つもありました,今週テストが4つもありました。
sounds/matthew_02-09.wav,そして行ってその子のことを詳しく調べ見つかったら知らせてくれわたしも行って拝もうと言ってベツレヘムへ送り出した,そして、いってその子のことを詳しく調べ、見つかったら知らせてくれ、私もいっておがも、といって別れへむへ送り出した。
sounds/common_voice_ja_19507430.wav,付き合いがいやなわけではないが疲れているのだ,月合いが嫌なわけではないが疲れているのだ。
sounds/common_voice_ja_19620159.wav,テストはできましたかそれでは出してください,テストはできましたか? それでは出してください
sounds/common_voice_ja_19485872.wav,留守中の郵便物を処理するだけで優に半日はかかる,ロス中の有便物を処理するだけで、有に反日はかかる。
sounds/matthew_02-20.wav,こうして預言者エレミヤを通して言われていたことが実現した,こうして、4弦者エレミアを通して言われていたことが実現した。
sounds/common_voice_ja_19712327.wav,風邪によい薬はありませんか,風によいくすりはありませんか
sounds/common_voice_ja_19507474.wav,指導部の交代は国際政治経済に重要な影響を与える,市道部の交代は国際政治経済に重要な影響を与える。
sounds/common_voice_ja_19682322.wav,普段は泥にまみれたもんぺ姿の母が薄化粧して水色のワンピースを着て来た,普段はドロニーマン見れたモンペス型の母がすげしょうして水色のワンピースを着てきた
sounds/common_voice_ja_19534064.wav,あそこにいる人はたぶん山田さんです,あそこにいる人は多分山田さんです。
sounds/common_voice_ja_19496625.wav,けさテレビでニュースを見ました,警察 テレビでニュースを見ました。
sounds/common_voice_ja_19507463.wav,父は昔腕力のある人でした,父は昔、ワン力のある人でした。
sounds/common_voice_ja_19621170.wav,彼女を電話に出して頂けませんか,彼の量電話に出していただきませんか
sounds/common_voice_ja_19507456.wav,彼女は妹に劣らずきれいだ,彼女は妹にお取らず綺麗だ
sounds/common_voice_ja_19763878.wav,おもちゃコンサルタントの方々が甲斐甲斐しく働く姿がとても印象的でした,おもちゃコンサルタントの方々が、海外式働く姿がとても印象的でした。
sounds/common_voice_ja_19682765.wav,あまりつかれませんでした,あまり疲れませんでした
sounds/matthew_01-17.wav,ヤコブはマリアの夫ヨセフをもうけたこのマリアからメシアと呼ばれるイエスがお生まれになった,役副はマリアのおっと余補をもおけた。このマリアからメシアと呼ばれるイエスがおうまれになった。
sounds/common_voice_ja_19485563.wav,彼女は父親が金持ちであることを自慢している,彼女は父親が金持ちであることをじましている
sounds/common_voice_ja_19496633.wav,うちにはテレビが三台あります,おちにわてれびが サンダイあります。
sounds/matthew_01-19.wav,イエス・キリストの誕生の次第は次のようであった母マリアはヨセフと婚約していたが二人が一緒になる前に聖霊によって身ごもっていることが明らかになった,18節から25節イエスキリストの誕生の次のようであった。アハマリアは予測と困惑していたが、二人が一緒になる前に、生霊によって見守っていることが明らかになった。
sounds/common_voice_ja_19534023.wav,氷みたいに冷たい顔しないでくれよ,こうにみたいに冷たい顔しないでくれよ
sounds/common_voice_ja_19682780.wav,強い乱視はコンタクトレンズのほうが矯正できます,強いランシはコンタクトレンズの方が強制できます
sounds/common_voice_ja_19682680.wav,デパートへ行ってエレベーターで最上階にあがりまずお好み食堂へ入った,テパートへ行って、エレベーターで最上回に上がり、まず、この民族動え入った。
sounds/common_voice_ja_19534022.wav,疲れたときは風呂に入るのが一番,つかれた時は不合に早くのが一番
sounds/common_voice_ja_19482542.wav,あの人は日本語の先生だと思います,あの人は日本語の先生だと思います
sounds/common_voice_ja_19507539.wav,彼女を怒らせたのは彼の沈黙だった,彼女を怒らせたのは彼の真木だった。
sounds/common_voice_ja_19711061.wav,彼女は毎日何時間も練習してテニスの試合に備えた,彼女は毎日何時間も練習して手にすのし合いに備えた。
sounds/common_voice_ja_19482505.wav,あしたテストがあるので今晩は勉強します, Aši ta tetsu to garo no de komban wa benki hošimaz.
sounds/common_voice_ja_19763598.wav,彼女は旅行へ行っています,彼女は旅行を得ています。
sounds/common_voice_ja_19534123.wav,わたしはバスを待っています,私はバスを待っています
sounds/common_voice_ja_19763543.wav,父は天文学つまり星に関する学問を研究している,父は天文学、つまり星に関する学問を研究している。
sounds/common_voice_ja_19763772.wav,彼女は冷たくじろりとこちらをにらんだ,彼女は冷たく白りとこっち側になんだ。
sounds/common_voice_ja_19677953.wav,彼等はこの陳述が真実であると一人残らず認めた,彼らはこの真実が真実であると一人のコラズにとめた
sounds/matthew_02-05.wav,王は民の祭司長たちや律法学者たちを皆集めてメシアはどこに生まれることになっているのかと問いただした,大和、多民の最主張たちや立法学者たちを見な集めて、メシアはどこに生まれることになっているのかと問いただした。
sounds/common_voice_ja_38040718.wav,黒い魔物はつい目の前を走っています暗い庭の中でまっ黒なやつを追うのですからなかなか骨が折れましたがさいわい庭のまわりは,黒いまものはつい目の前は走っています。暗い荷物の中で真っ黒なやつを多くのですから、なかなか掘れがわれましたが、際に荷物回りは。
sounds/common_voice_ja_19485564.wav,病気のために彼女は来れなかった,病気のために彼女はこれなかった
sounds/common_voice_ja_19485590.wav,日本人は決してユーモアと無縁な人種ではなかった,日本人は決して言うも後無演な人一緒ではなかった
sounds/common_voice_ja_19682867.wav,聞けば彼は村ではひとかどの人物だとか,聞けば彼は村では人かどうの人物だとか
sounds/common_voice_ja_19482531.wav,舞台の上の女優は濃い化粧をしていた,お台の上の上はこういけいしょをしていた。
sounds/common_voice_ja_19507491.wav,このボールペンはいくらですか,このボールペンはいくらですか
sounds/common_voice_ja_19682819.wav,スクールで得たのは一生ぬぐえない恐怖感と人への不信感だけだ,スクールデータのは一生抜けない強風感と一への不新感だけだ。
sounds/common_voice_ja_19507485.wav,田中さんの車は白くて大きいです,田中さんの車は白くて大きいです。
sounds/common_voice_ja_19485548.wav,鼻水が出ます,花水が出ます
sounds/common_voice_ja_19485572.wav,儲けようとする投機筋に操られているのです,もうけをとする東京筋にあやつられているのです。
sounds/common_voice_ja_19492775.wav,父は私の退学に同意した,父は私の体格にどうした?
sounds/common_voice_ja_19534114.wav,そこへオーナーが新しいシェフとして腕利きのヒョヌクを招く,そこへオーナーが新しいシェフトして 腕引きの所向くおまねく
sounds/common_voice_ja_19763998.wav,きょうは何月何日ですか,今日は何月何日ですか?
sounds/common_voice_ja_19482480.wav,木村さんはわたしに写真を見せてくれました,きむらさんは私に参信を見せてくれました。
sounds/common_voice_ja_19580205.wav,部屋には誰もいない,部屋には誰もいない
sounds/common_voice_ja_19763471.wav,この絵は色がきれいです,この上は色が綺麗です。
sounds/common_voice_ja_19534085.wav,うちに電話をかけましたが誰もいませんでした,ウキニ電話をかけましたが、誰もいませんでした。
sounds/common_voice_ja_19482488.wav,彼女は風に髪をなびかせて私のほうへ走ってきた,彼女は風に神を並び方せて私のほいはじてきた
sounds/common_voice_ja_38352248.wav,エスピリトサント州の州都はヴィトーリアである,エスピリトサントシュートはビトウリアである
sounds/common_voice_ja_19502625.wav,日本人は引き揚げの苦しさばかり言い中国人の傷を考えない,日本人は引き上げの苦しさばかり、中国人の規造を考えない?
sounds/common_voice_ja_19485625.wav,貧しい人が必ずしも不幸なわけではないと言われている,まずしい人か彼らずしも不幸なわけではないと言われている
sounds/common_voice_ja_38394773.wav,この書生の掌の裏でしばらくはよい心持ちに坐っておったがしばらくすると非常な速力で運転し始めたこの書生の掌の裏でしばらくはよい心持ちに坐っておったがしばらくすると非常な速力で運転し始めた,この所声の手の日にあのらでスバークはよくご申しにいまっておったが、スバークと必要な速力で運転させ始めた。
sounds/common_voice_ja_19547307.wav,父は商用で香港に行った,父は症状で本庫に行った。
sounds/common_voice_ja_19620160.wav,あそこに丸い箱があります,あそこに丸い箱があります
sounds/common_voice_ja_19507530.wav,彼等は多くのくなんをたえしのんだ,彼らは多くのクナンを耐えし飲んだ。
sounds/common_voice_ja_19507483.wav,表か裏か,おもてかうらか
sounds/common_voice_ja_19682065.wav,検札に来た車掌も見て見ぬふりである,検察に来た社証を見てみるフリリアル
sounds/common_voice_ja_19507423.wav,また御都合がよろしければその晩夕食に御招待したいと存じます,また、ご都合がよろしければ、その番、入職にご紹介したいと存じます。
sounds/common_voice_ja_19485621.wav,野球の後のビールぐらいうまいものはない,野球の後のビールぐらいうまいものはない。
sounds/common_voice_ja_19485886.wav,部屋をきちんとしておかなくてはならない,部屋をきちんとしておかなくてはならない
sounds/common_voice_ja_19682922.wav,シャツもなくズボンもなくもちろん古新聞もなければ古雑誌もない,シャツもなく、ズボンもなく、もちろんフルシンブーもなければ、フルザッシュもない。
sounds/common_voice_ja_38394778.wav,濁流を突破した山賊の囲みからもするりと抜けて一気に峠を駈け降りて来たのだ,どこにが突破した? 三所の博ミカもスウイトの時で一気に 通っておかげを置いてきたんだ。
sounds/common_voice_ja_19555944.wav,風が強く吹いている,風が強く吹いている
sounds/common_voice_ja_19507448.wav,彼女は美しい花をたくさん摘んだ,彼女は美しい花をたくさん積んだ。
sounds/common_voice_ja_19500897.wav,父も母に劣らず私をかわいがってくれた,父も母におとらず私を可愛がってくれた
sounds/common_voice_ja_19547315.wav,封切られたばかりの映画はなんですか,ふっ 切られたばかりの映画は何ですか
sounds/common_voice_ja_19682821.wav,父親が亡くなってジョンは居酒屋に入りびたるようになった,父親がなくなって 上は 偉大やに入りビタルようになった
sounds/common_voice_ja_19507425.wav,彼女は両手で顔をおおった,彼女は両手で顔を終った
sounds/matthew_02-07.wav,ユダの地ベツレヘムよお前はユダの指導者たちの中で決していちばん小さいものではないお前から指導者が現れわたしの民イスラエルの牧者となるからである,ユダの地別レーへむよ、お前はユダの主動者たちの中で、決して一番小さいものではない。お前から主動者が現れ、私のためイスラエルのボクシャとなるからである。
sounds/common_voice_ja_19492759.wav,不活発な子供は空想の世界に閉じこもる傾向がずっと高い,不可発な子どもは空村の世界に閉じ込むの傾向がずっと高い
sounds/common_voice_ja_38040713.wav,ぼくはここの主人の春木はるきというものですがよくおいでくださいましたじつはぼくのほうからお電話でもしようかと考えていたところです,僕はここの主人の春気春気というものですが、よくお入りくださいました。実は僕の方からお電話でもしようかと考えていたところです。
sounds/common_voice_ja_19584425.wav,暑いのでセーターを脱ぎます,熱いので、セータを抜きます。
sounds/common_voice_ja_19534139.wav,紛争のない人間社会はありえない,運送のない人間社会はあり得ない
sounds/common_voice_ja_19683012.wav,世界が一丸となって気候変動の問題に取り組む必要がある,世界が一眼となって機構変動の問題に取り組む必要がある
sounds/common_voice_ja_19502626.wav,病人はまだしっかりしている,病院はまだしっかりしている
sounds/matthew_01-16.wav,エリウドはエレアザルをエレアザルはマタンをマタンはヤコブを,エリウドはエレアザルを エレアザルはマタンをマタンはヤコブを
sounds/common_voice_ja_19496645.wav,彼女は夫の死に心を痛めている,彼女はおとネシに心を痛めている
sounds/common_voice_ja_19517023.wav,父はまだ休んでいる,父はまたやさんでいる
sounds/common_voice_ja_19485594.wav,兵隊達は全員その地帯の地図を持っていた,平体たちは全員その地体の絆を持っていた
sounds/common_voice_ja_19485244.wav,彼女は来ると電報を打ってきた,彼女は来ると電波を打ってきた
sounds/common_voice_ja_19683019.wav,瀕死の患者の家族についてはどうでしょうか,品種の患者の家族についてはどうでしょうか
sounds/common_voice_ja_19701172.wav,父は母を愛している,父は母を愛している
sounds/matthew_02-24.wav,ヘロデが死ぬと、主の天使がエジプトにいるヨセフに夢で現れて,ヘロデが死ぬと、死の天使がエジプトにいる予測に夢で現れています。
sounds/common_voice_ja_19485573.wav,父親が病気の間彼が会社を経営した,機器親が病気の間、彼が会社を受けした。
sounds/common_voice_ja_19507515.wav,ちゃんとした文章をしゃべらず単語で間に合わせる,ちゃんとした文章をしゃべらず、単語で間に合わせる。
sounds/common_voice_ja_19620102.wav,仕事が終わったら夕飯を食べに行きます,仕事が終わったら、夕飯を食べに行きます。
sounds/common_voice_ja_19763999.wav,あしたの天気は雨です,明日の天気は雨です
sounds/matthew_01-07.wav,エッサイはダビデ王をもうけたダビデはウリヤの妻によってソロモンをもうけ,S載はダビデオを蒙けた。ダビではウリアのつまによってソロモンを蒙け。
sounds/common_voice_ja_19534087.wav,あそこに犬が二匹います,あそこに犬がに引きます
sounds/common_voice_ja_19534020.wav,制度が動かぬとなればやはり不都合が出てくる,セイドか動かのとなればやはり 普通号が出てくる
sounds/common_voice_ja_19534062.wav,初めて沈黙を破ってキリストがささやいた,初めてチンもこうやぶってキーストがささやいた。
sounds/common_voice_ja_19500920.wav,物音で彼女は目を覚ました,モノートで彼女は目をさました
sounds/common_voice_ja_19485635.wav,彼女は僕に会うたびに微笑みかける,彼女は僕に会うために微笑みかける
sounds/common_voice_ja_19534044.wav,わたしの部屋は南側にあるので明るいです,私の部屋は南川にあぐので明るいです
sounds/common_voice_ja_19534152.wav,彼女達は社会的地位の向上を願った,彼の人たちは社会的地域の工場を願った。
sounds/common_voice_ja_19507475.wav,わたしは毎朝散歩に行きます,私は毎朝3本に行きます
sounds/common_voice_ja_38040550.wav,愛情のためです心配からですとおかみはいいフリーダの頭を自分の身体に引きよせたフリーダは立っているのに坐っているおかみの肩のところまで,愛情のためです。心配からです。東神は、フリーだなたも自分の体に引き押せた。フリーで渡っているのにするなっているお神の方のところまで。
sounds/common_voice_ja_19507462.wav,群衆行動で恐ろしいのはどさくさまぎれの心理だ,軍収行動で恐らしいのは、ドサクサマギレの心理だ。
sounds/common_voice_ja_19534031.wav,航空事故を限りなくゼロに近づけるにはそれほどなり振りかまわぬ努力がいる,高空時光を限りなくセロに近づけるには、それほど内部に構わんど努力がいる。
sounds/matthew_01-15.wav,アゾルはサドクをサドクはアキムをアキムはエリウドを,アゾルはサドクを サドクはアキムを アキムはエリウドを
sounds/common_voice_ja_19572004.wav,きょうの夕飯はカレーを作ろうと思います,今日の夕晩は彼をつころと思います
sounds/matthew_01-14.wav,ゼルバベルはアビウドをアビウドはエリアキムをエリアキムはアゾルを,ゼルバベルはアビウドを。アビウドはエリアキムを。エリアキムはアゾルを。
sounds/common_voice_ja_19547343.wav,風が凪いだ,風がないだ
sounds/common_voice_ja_38040551.wav,ある監督の役所がそのあいだにＡ課から何年も前に村に宛てて測量技師についての照会が行われているのにこれまでその返事がきていないということを,ある監督の役所がその間に映画から何年も前に村に当てて、即予議師についての紹介が行われているのに、これまでその辺りが来てないということを。
sounds/common_voice_ja_19507524.wav,壁には絵が何枚かかけてあった,カペニーはレガナマイかかけてあった
sounds/common_voice_ja_19485250.wav,わたしは松井さんが書いた作文を読みました,私は松井さんが書いた作文を読みました。
sounds/common_voice_ja_19485655.wav,電車に乗るとき切符を買います,電車に乗るとき、キップを買います。
sounds/common_voice_ja_19682776.wav,彼女は風邪で寝ている,彼女は風で寝ている
sounds/common_voice_ja_19682775.wav,秋は涼しいです,秋は鈴木です
sounds/common_voice_ja_19485873.wav,夕方公園へ散歩に行きました,夕方公園3本に行きました
sounds/common_voice_ja_19763995.wav,おふろで体を洗います,お風呂で体を裏います
sounds/common_voice_ja_19682675.wav,悲鳴で静寂がやぶられた,ひめでせいじゃこがやぶられた
sounds/common_voice_ja_19507544.wav,バスで学校に行きます,マスで学校に行きます。
sounds/common_voice_ja_19763474.wav,彼女は裕福だけれども幸福ではない,彼女は優付だけれども幸福ではない。
sounds/matthew_02-28.wav,ナザレという町に行って住んだ彼はナザレの人と呼ばれると預言者たちを通して言われていたことが実現するためであった,なざれという街に行って進んだ。彼はなざれの人と呼ばれる。と、余限者たちを通して言われていたことが実現するためであった。
sounds/common_voice_ja_19485588.wav,彼女は母親に似ているとは思わない,彼女は母親に似ているとは思わない
sounds/common_voice_ja_19547309.wav,田中さんの左に木村さんがいます,田中さんの左にキムラさんがいます
sounds/common_voice_ja_38352243.wav,まあ二人はなんていう恰好でここに寝ているんでしょうと女中の一人がいって同情の気持から彼らの上に一枚の布を投げかけた,まあ、二人は何ていう確保でここに寝ているんでしょう。途中の一人がいて、同場の気持ちから借れるのを一枚ののを投げかけた。
sounds/common_voice_ja_19534089.wav,幼児はしばしばフィクションと現実とを混同する,表示は、しばしばフィクションと現実等をコンドンする。
sounds/common_voice_ja_19507540.wav,いくつありますか,いくつありますか?
sounds/common_voice_ja_19682267.wav,このかばんは高かったです,このカバンは高かったです
sounds/common_voice_ja_19485596.wav,東京は晴れでした,東京は晴れでした。
sounds/common_voice_ja_38413227.wav,この間おさんの秋刀魚を盗んでこの返報をしてやってからやっと胸のつかえが下りた,この間、おさんのサンマウにするので、この塩膨をしてやってから、やっと胸の使いが降りた。
sounds/common_voice_ja_38379910.wav,ただ色が違った植物の色をしていなかった,ただ色が違った 食物の色をしていなかった
sounds/common_voice_ja_19492770.wav,来月わたしの弟は二十歳になります,外鉄私の音は形にがります
sounds/common_voice_ja_19682897.wav,ここで使われている文法形式は現在進行形である,ここで使われている文法形式は現在進行形である
sounds/common_voice_ja_19621167.wav,普通中距離トラックのドライバーは中年の人が多い,普通、中古いトラップのドライバーは、中年の人が多い。
sounds/common_voice_ja_19485578.wav,田中さんの右に山田さんがいます,田中さんの右に山田さんがいます
sounds/common_voice_ja_19555947.wav,きょうの授業はここまでですそれではまた来週会いましょう,今日の事故はここまでです。それではまた来週は行いましょう。
sounds/common_voice_ja_19482489.wav,父は私に技師になってほしいと思っている,父は私にギシになってほしいと思っている
sounds/common_voice_ja_19682145.wav,彼女は父親似だ,彼女は父親にだ
sounds/common_voice_ja_19507543.wav,氷の温度は何度ですか,氷の温度は何度ですか。
sounds/common_voice_ja_19485248.wav,物心ついて以来はこんな美しい夜を見たことがない,物語をついていらいはこんな美しい夜を見たことがない。
sounds/common_voice_ja_19485592.wav,きょうはレストランで晩ごはんを食べます,今日はレストランで番号ファンを食べます
sounds/common_voice_ja_38425474.wav,心を開いておしゃべりしてかまいませんしまたたとえばあなたがどんなふうにクラムと話すつもりでいるのかをわたしたちに打ち明けることもできます,ここを冷えておさべしてもかまいませんし、おらつだければ、あなたがどんな風に、かやもと話すつもいでいるのかを、私のせしにチャイルドをめきます。
sounds/common_voice_ja_19763535.wav,今週日本語の授業は休みです,今週日本語の授業は休みです
sounds/common_voice_ja_19534021.wav,彼等をからかってはいけません,彼らを輝かってはいけません
sounds/common_voice_ja_19529149.wav,両手の指は変形し関節の辺りがこぶ状に盛り上がっていた,両手の指は変形し、 感接のあたりが、古状に盛り上がっていた。
sounds/common_voice_ja_19529154.wav,父は私にどこへ行ったらいいか教えてくれた,父は私にどこへ行ったらいいか教えてくれた
sounds/common_voice_ja_38379907.wav,言いかたがまずかったかもしれないけれど規則の重要さを軽んじているわけでは全然ないのですただ一つのことだけあなたに聞いていただきたい,いい方がまずかったかもしれないけど 規則の重要さを軽済しているわけでは全然ないんですただ一つことだけあなたはきん聞いておきたい
sounds/common_voice_ja_19763541.wav,きょうは大変楽しかったです,今日は大変楽しかったです。
sounds/common_voice_ja_19682264.wav,不思議なことに結局彼は本当に試験に合格した,次なことに結局彼は本当に試験に合格した。
sounds/common_voice_ja_19682408.wav,きのうのパーティーはとても楽しかったです,昨日のパーティーはとても楽しかったです
sounds/common_voice_ja_19547325.wav,今午後七時です,今、午後7時です
sounds/common_voice_ja_19682981.wav,細かい意訳誤訳は気にしないでください,細かい医薬をお役が気にしないでください
sounds/common_voice_ja_19580185.wav,母に誕生日のプレゼントをあげました,ハァニダンソウビのプレゼントを開けました。
sounds/common_voice_ja_19584426.wav,なぜ日本語を勉強しているんですか,なぜ日本語を勉強してるんですか?
sounds/common_voice_ja_19496626.wav,スーパーへ買い物に行きます,スパエ、買い物に行きます。
sounds/common_voice_ja_19534124.wav,コンピューターのスイッチを入れます,コンピューターのスイッチを入れます
sounds/common_voice_ja_38040710.wav,福岡県築上町,福岡県地区上待ち
sounds/common_voice_ja_19482544.wav,貧しい人を愚弄してはいけない,まずしひとをグローしては行けない。
sounds/common_voice_ja_19496607.wav,この箱はとても重いです,この箱はとても思いです。
sounds/matthew_02-03.wav,言ったユダヤ人の王としてお生まれになった方はどこにおられますかわたしたちは東方でその方の星を見たので拝みに来たのです,言った ゆでや人の王として生まれになった方はどこにおられますか 私たちは頭褒でその方の星を見たのでお紙に来たのです
sounds/common_voice_ja_19620161.wav,必ず変化が起こるだろう,必ず変化が起こるだろう。
sounds/common_voice_ja_19683096.wav,瓶の中にはまずほとんどワインは残っていない,ビンの中にはまずほとんどワインは残っていない。
sounds/common_voice_ja_19507453.wav,必要な場合には訪ねていらっしゃい,必要な場合には、訪ねていらっしゃい。
sounds/common_voice_ja_19682241.wav,彼等は田舎へ行った,彼らは居中いった
sounds/common_voice_ja_38394791.wav,そこでシモンはお前の着物が大へん臭いので家内がいやだというのだよお前外へ行って飯を食ったらいいだろうと言いました,そこでしまうまいのきものが大変くさいのに言えながら嫌だと言った言うんだよお前そと
sounds/common_voice_ja_19485871.wav,風呂はついてますか,プロはついてますか
sounds/common_voice_ja_19485549.wav,彼女は飛行機事故で両親を失い孤児になった,彼女は飛行機事故で両親をしない個人になった。
sounds/common_voice_ja_19485575.wav,父は木にはしごを立てかけた,地図は木に橋号を建てかけた。
sounds/common_voice_ja_19507527.wav,聞いたところによると彼らの結婚は破綻をきたしているらしいよ,聞いたところによると彼らの結婚は畑を来たしているらしいよ。
sounds/common_voice_ja_19485870.wav,物質が直接固体から気体に変わる過程を昇華という,物質が直接答えから期待に変わるか定をしょうかという
sounds/common_voice_ja_19682147.wav,妹はもう寝ました,元はもう出ました。
sounds/common_voice_ja_19701169.wav,部屋は全く整頓されていなかった,平和は、また、静止されていなかった。
sounds/common_voice_ja_19621168.wav,ギンザケの卵を輸入してふ化させ海中で育てる養殖も始まっている,銀座下の玉顔を入入して、深させ、開中で育てる養食も始まっている。
sounds/common_voice_ja_19485623.wav,彼女は憂鬱状態になることがある,彼女は言うつ状態になることがある
sounds/common_voice_ja_19620104.wav,部屋をのぞいてみたらだれもいなかった,部屋を除いてみたら誰もいなかった。
sounds/common_voice_ja_19534041.wav,駐車違反が減少し交通事故が減少すれば一気に吹きとぶことだろう,中西半で現象し、交通軸が現象すれば、一気に吹き飛ぶことだろう。
sounds/common_voice_ja_19507441.wav,このかばんは大きくて重いです,このカバンは大きくて重いです。
sounds/common_voice_ja_19682410.wav,風が和らいだ,可是有li小
sounds/common_voice_ja_19572008.wav,風が雪のふきだまりを作った,風が雪のポッキー、だまりをチョッコた。
sounds/common_voice_ja_19712328.wav,父はそんなに果物を食べない,父はそんなにくだむのを食べない
sounds/common_voice_ja_19485634.wav,先月隣の町にデパートができました,戦撃ストラリの街にデパートができました。
sounds/common_voice_ja_19682874.wav,彼女は筆ぶしょうだ,彼女は不デブショーだ
sounds/common_voice_ja_19485885.wav,兵隊は暗闇で四方に目を配った,平体は暗闇で仕方に目をこまった
sounds/common_voice_ja_19711814.wav,風邪を引いていたので私は学校を休んだ,風を引いていたので私は学校をやすんだ。
sounds/common_voice_ja_19507465.wav,彼等の数は多い,彼らの数は多い
sounds/common_voice_ja_19492764.wav,さあよく分かりません,さあ、よくわかりません。
sounds/matthew_02-25.wav,言った起きて子供とその母親を連れイスラエルの地に行きなさいこの子の命をねらっていた者どもは死んでしまった,言った。起きて子どもとその母親を連れ、 イスラエルの地に行きなさい。この子の命を狙っていたものどもは、 死んでしまった。
sounds/common_voice_ja_19779206.wav,兵士たちは戦いの準備が出来ている,平下地を都たかいの準備ができている。
sounds/common_voice_ja_19485874.wav,彼女は夕食前にいつもピアノを練習する,彼女は優勝前にいつもピアノを練習する
sounds/common_voice_ja_19682996.wav,あの先生は大変りっぱな方です,あの先生は大変立派な方です
sounds/common_voice_ja_19500872.wav,今度は逆に黒い部分に注目してみる,今度は逆にクロイブ場に注目してみる
sounds/common_voice_ja_19485565.wav,不時にそなえなくてはいけない,不時に備えなくてはいけない
sounds/common_voice_ja_19682306.wav,その結果雨が降れば大量の表土赤土化学肥料農薬が海に流れだす,その結果雨が触れば大量の表度 赤土し輝く昼を納約が海に流れ出す
sounds/common_voice_ja_19507452.wav,彼女は夕食後国語の勉強をした,彼女は優勝ごく復古の勉強をした。
sounds/common_voice_ja_19507446.wav,父は商用でアメリカに行くことが多い,父は少用でアメリカ肉ことが多い。
sounds/common_voice_ja_19779203.wav,彼女は門のところに車を停めた,カウジャーもんのとこに車を止めた
sounds/common_voice_ja_19572007.wav,彼女は悲惨な死に方をした,彼女は一様な心理方をした
sounds/common_voice_ja_38425472.wav,先生は手よりも頭でやる方がずっと仕事が出来ること人民たちは残らずこの立派な先生に教わりに来てよく習わなければならないことだのを,先生は手容えも頭でやることをほうがずっと仕事が入っていくことぜみったしたのかよそこの一般の先生とはそばにきてよく名はなきゃいけないことだと
sounds/common_voice_ja_19682681.wav,彼女は誘惑に負けてその宝石を買ってしまった,彼女は優惑に負けてその放射器を買ってしまった
sounds/common_voice_ja_19485562.wav,髪も上げたほうが私は好きだ,髪も上げた方が私は好きだ
sounds/common_voice_ja_19712330.wav,田中さんの家には車が二台あります,たなかさんの家には車が2台あります。
sounds/common_voice_ja_19547317.wav,まさにかわら版的政治寸評である, 마사니 거아라반떡이 세이짓은 뷔오데 아르
sounds/common_voice_ja_19710975.wav,負傷者現場から運ばれて行った,不正善場からやらばらって行った
sounds/common_voice_ja_19682957.wav,父は暇なときにはよく推理小説を読んでいました,地球は暇なときにはよく水理消節を読んでいました
sounds/matthew_01-12.wav,ヨシヤはバビロンへ移住させられたころエコンヤとその兄弟たちをもうけた,吉野はバビロンへ移動させられた頃、 エコインやとその兄弟たちを設けた。
sounds/common_voice_ja_19683044.wav,父の弁護士に遺言状を作成してもらった,父の弁護士に有意混乗を作成してもらった
sounds/common_voice_ja_19507492.wav,部員は先輩に一人ずつブローチを贈ることにした,文人は先輩に一人ずつブローチを送ることにした。
sounds/common_voice_ja_19502606.wav,家の前は公園です,家の前は公園です
sounds/common_voice_ja_19711211.wav,彼女は夫から連絡があるまでずっといらいらしていた,彼女はつまから連絡があるまで、ずっといらっしゃっていた。
sounds/common_voice_ja_19620158.wav,ゆらゆら電球が揺れて影が草の上をちらちらした,ゆらゆら 電球が揺れて 影が草の上を散らした
sounds/common_voice_ja_19507533.wav,あそこにたくさん店が並んでいます,そこにたくさん店が並んでいます。
sounds/common_voice_ja_19673793.wav,真昼の太陽がテニスコートを目も眩むほどに照らしあげた,見春の太陽が手のすコートを 目も暮らむほどに照らし上げた
sounds/common_voice_ja_19507451.wav,彼女へのクリスマスの贈り物は何ですか,彼女はクリスマスの送り物は何ですか?
sounds/common_voice_ja_19507428.wav,彼女は目標を達成した,彼女は目標を達成した
sounds/common_voice_ja_38394777.wav,この動物は顔が人間より少し平たく鼻は落ち込んでいて唇が厚く口は広く割れていますだがこれくらいの違いなら野蛮人にだってあるはず,この動物は顔が人間用意少しやたく、鼻をチコンでいてプチベルであつく、プチは一歩入れます。ただ、食いだいたい、の違いなやばんちになってあるはずです。
sounds/common_voice_ja_19502624.wav,彼女は良家の出身だ,彼女は両手の死心だ
sounds/common_voice_ja_19683094.wav,父はもっとよい地位につくために辞職した,地球はもっと良い地位につくために地球を取り除くした。
sounds/common_voice_ja_19500923.wav,夕飯を食べておふろに入って寝ます,夕飯を食べてお風呂に入ってねます
sounds/common_voice_ja_19485560.wav,肩慣らしには丁度いいかも,方並しにはちょうどいいかも
sounds/common_voice_ja_19673952.wav,父は私にいつも勇敢で快活であれと言いました,父は私にいつも言う感じで開発であれと言いました。
sounds/common_voice_ja_19507528.wav,変わりびなは世相をつづる,変わりびなわせそうを続る
sounds/common_voice_ja_19507499.wav,部屋代はとても高い,エアダイはとても高い
sounds/common_voice_ja_19492773.wav,必ずこの手紙を渡して下さい,必ずこの手紙を渡してください
sounds/common_voice_ja_19763601.wav,彼女は料理になれている,この座は料理になれている
sounds/common_voice_ja_19500870.wav,部屋の掃除を手伝ってくれませんか,エアの操場と絶対来れませんか
sounds/common_voice_ja_19682761.wav,彼女は哀れを誘う有様だった,彼女はあわれをさそうありさまだった
sounds/common_voice_ja_19534055.wav,祖母はおおむね機嫌よくサイコロをころがしている,そぼは大胸危険よく最高がをこぼかしている。
sounds/common_voice_ja_19485633.wav,デパートで来年のカレンダーを買いました,ベパートで来年のカレンダーを買いました。
sounds/common_voice_ja_19682992.wav,彼女は無断で欠勤した,彼女は無駄で結金した
sounds/common_voice_ja_19779200.wav,あしたイさんに電話をします,明日以算に伝おします
sounds/common_voice_ja_19485581.wav,去年より今年のほうが暑いです,去年より今年の方が熱いです
sounds/common_voice_ja_19500871.wav,父は来月のはじめに帰ってきます,父は来月の始めに帰ってきます
sounds/common_voice_ja_19580235.wav,父は毎週給料の一部を銀行に預金する,実は毎週9日の1部を銀行に余計する
sounds/common_voice_ja_19763932.wav,彼女を映画に誘ったのだ,可能性を映画にさすわったのだ
sounds/common_voice_ja_19523283.wav,空が少し曇ってきました,空が少し黒ってきました。
sounds/common_voice_ja_19682730.wav,社屋や従業員に被害はなく平常通り営業している,シャオクや従業員に控えはなく、平常通り営業している。
sounds/common_voice_ja_19534137.wav,風がひどく吹いている,風がひどくフィテール
sounds/common_voice_ja_19711820.wav,彼等はずっとよい友達だった,あれらはずっと弱い友達だった
sounds/common_voice_ja_19711616.wav,あのかばんはわたしのかばんと同じです,あのカバンは私のカバンと同じです。
sounds/common_voice_ja_19712374.wav,毎日八時間働きます,毎日8時間働きます
sounds/common_voice_ja_19485553.wav,向こうの空を鳥が飛んでいます,向こうの空を取り方んでいます
sounds/common_voice_ja_19779207.wav,来年わたしは新しい車を買おうと思います,来年私は新しい車を買おうと思います
sounds/common_voice_ja_19621169.wav,あした忘れないで本を返します,明日は連れないで本を返します
sounds/common_voice_ja_19580206.wav,彼女を見れば好きになる,可能性を見れば好きになる。
sounds/common_voice_ja_19507435.wav,公園を散歩して家へ帰ります,公園を参加して、いいえか入ります。
sounds/common_voice_ja_19499817.wav,父は怒った顔をして私をちらっと見た,父は怒った顔をして私を散らっと見た
sounds/common_voice_ja_19492763.wav,あなたの行くところならどこへでも付いてゆくと決めたのだもの,あなたのいくところなら、どこへでもついていくと決めたのだもの
sounds/common_voice_ja_19710848.wav,もう一杯水を飲みます,もういっぱい水を飲みます
sounds/common_voice_ja_19682269.wav,きょうは妻の誕生日なので早くうちへ帰ろうと思います,今日はつまの誕生日なので早く打ち替えろうと思います。
sounds/common_voice_ja_19507459.wav,部屋を出るときは明かりを消したかどうか確かめて下さい,部屋を出る時は、明りを消したかどうか確かめてください。
sounds/common_voice_ja_19507461.wav,田中さんは林さんに仕事を頼まれました,田中さんは早しさんに仕事を頼まれました。
sounds/common_voice_ja_19710847.wav,彼女は料理がうまいと自慢している,彼女は料理がうまいとしましている。
sounds/common_voice_ja_19682871.wav,父はいそがしすぎて散歩もできません,父は遅い過ぎて3本もできません
sounds/common_voice_ja_19711619.wav,彼女は夕食の支度をしなければならない,彼女は優勝の下履をしなければならない
sounds/matthew_01-24.wav,このすべてのことが起こったのは主が預言者を通して言われていたことが実現するためであった,見よ、おとめが見ごもって男の子を埋む その名は今のエルと呼ばれる。この名は、髪は我々とともにおられる という意味である。
sounds/common_voice_ja_19507513.wav,妹はきょうも高い熱が続いているので心配です,妹は今日も高い熱が続いているので、心配です。
sounds/common_voice_ja_19507466.wav,きのうカラオケに行きましたがあまり歌いませんでした,昨日から受けに来ましたが、あまり歌いませんでした。
sounds/common_voice_ja_19682994.wav,彼女は夕食の前にさっぱりした,彼女は優勝の前にさっぱりした
sounds/common_voice_ja_19763997.wav,兵士は命令を実行しなければならない,平死は命死を実行しなければならない
sounds/common_voice_ja_19499819.wav,負傷者は救急車で運ばれた,創作は他に着て行ってよ
sounds/common_voice_ja_19485570.wav,風がおさまると急に静かになった,風がおさまる時ように静かになった
sounds/common_voice_ja_19537423.wav,今いる市民が逃げ出すという事態が危惧されます,今いる市民が逃げ出すという時点が気分されます
sounds/common_voice_ja_19711206.wav,標識には出口と書かれている,表尾式にはデギューチと書かれている
sounds/common_voice_ja_19485876.wav,大人になったらお酒を飲むことができます,音になったらお酒を飲むことができます
sounds/common_voice_ja_38425471.wav,北海道足寄町,北海道がしようちょう
sounds/common_voice_ja_19507497.wav,風がとても激しく吹いている,風がとても激しく吹いている
sounds/common_voice_ja_19682846.wav,あの人の名前を忘れてしまいました,あの人の名前を忘れてしまいました
sounds/common_voice_ja_19485255.wav,部屋の中でキャッチボールをしてはいけません,エアの中でキャッチボールをしてはいきません
sounds/common_voice_ja_19712377.wav,普通でいいですか,普通でいいですか
sounds/common_voice_ja_19534136.wav,必要なら彼女に地図を書いてあげるとトムは言った,必要なら、彼女に父を書いてあげると、とんごは行った。
sounds/common_voice_ja_19496632.wav,父は壁を白く塗った,実は壁をしろくぬた
sounds/common_voice_ja_19507443.wav,不正に対して反対の声を上げろ,不正に対して反対の声は上げろ。
sounds/common_voice_ja_19580187.wav,これは日本で売っていない食べ物です,これは日本で売っていない食べ物です。
sounds/common_voice_ja_19485568.wav,俺を哀れに思って助けてくれたのさ,これをあわれに思ってさすがでくれたのさ
sounds/common_voice_ja_19482545.wav,彼女を喜ばすためなら何でもやります,かのじょう、喜ばす、ダメなら何でもやります。
sounds/common_voice_ja_19485589.wav,父は両足を火のほうにのばしてソファーで居眠りしていました,地次は両足を日の方に伸ばして、そばでい眠りしていました。
sounds/common_voice_ja_19485559.wav,喜びばかりが続くとは限らないのだ,喜び上がれが続くとは途中ではないのだ
sounds/common_voice_ja_19534057.wav,台風で電車が遅れました,台風で電車が遅れました。
sounds/common_voice_ja_19500896.wav,来週わたしは友達と東京へ遊びに行きます,来週、私は友達と東京を遊びに行きます
sounds/common_voice_ja_19485602.wav,一年に一回海外へ行きます,1年に1回海外に行きます
sounds/common_voice_ja_19486653.wav,しかし使徒たちはその危険に気付いた,しかし、人たちはその危険に気付いた
sounds/common_voice_ja_19534122.wav,富士山がすばらしい眺めだった,富士さんが素晴らしい長めだった。
sounds/common_voice_ja_19763875.wav,先生の話は意味が分かりませんでした,先生の話は意味が分かりませんでした。
sounds/common_voice_ja_19711066.wav,病院は非常にお金がかかります,病院は非常にお金がかかります。
sounds/common_voice_ja_19500873.wav,彼女は母親似です,彼女はハオエアニです
sounds/common_voice_ja_19500899.wav,彼女は目立ちたがり屋だ,この場は目立ちたがりやだ
sounds/common_voice_ja_19673953.wav,彼は都市生活の面で便利な面を強調した,彼は都市生活の面で便利な目の強調した。
sounds/common_voice_ja_19682305.wav,彼女は返事に困った, 간우주의 왕현진이 고맙다
sounds/common_voice_ja_19683089.wav,氷が溶けている,コーティが溶けている
sounds/common_voice_ja_19485558.wav,彼女は浮かんでいる雲を見た,この場合は浮かんでいる雲を見た
sounds/common_voice_ja_19499820.wav,出かけるときハンカチを持って行きます,でかけるとき半価値を持っていきます
sounds/common_voice_ja_19682070.wav,彼女は僕からゆっくり離れていった,彼女は僕からゆっくり離れていった。
sounds/common_voice_ja_19496629.wav,貧者を見下してはいけない,品座を見下してはいけない
sounds/common_voice_ja_19485245.wav,必要なら君と一緒に行こう,必要なら君と一緒に行こう
sounds/matthew_01-05.wav,アラムはアミナダブをアミナダブはナフションをナフションはサルモンを,アラムはアミナダブを アミナダブはナフションを ナフションはサルモンを
sounds/common_voice_ja_19500922.wav,おやじは頑固だけれどもそんなえこひいきはせぬ男だ,親父は監督だけれども、そんな以降は非気はせぬ男だ。
sounds/common_voice_ja_19500924.wav,どうしてですか,どうしてですか
sounds/common_voice_ja_19507489.wav,風邪が治るのに一か月以上かかった,風が直るのに1ヶ月以上かかった。
sounds/common_voice_ja_19711617.wav,彼女は夫と離婚した,彼女は積まとリコンした。
sounds/common_voice_ja_19534024.wav,もっと広い議場をという声もあったがチャーチル首相が抑えた,もっと広い技場という声もあったが、チャーチグ主張が抑えた。
sounds/common_voice_ja_19507546.wav,彼女は飛行機に乗り込む前に私に手を振った,彼女は飛行機に乗り込む前に、私に手を振った。
sounds/common_voice_ja_19492771.wav,コンピュータゲームのメーカーや業界団体などに関連する人物のカテゴリ,コンピュータゲームのメーカーや業界団体などに関連する人物のカテゴリ。
sounds/common_voice_ja_19485561.wav,父はバスに遅れてばかりいた,地球はバスに遅れてばかりいた
sounds/common_voice_ja_38394794.wav,最初のうちはきわめて小さなものだったのでしょうがソルディーニ氏のようなお役人たちの熱心さによって大きなものとなってしまいました,最初のうちはちやめて 知れさんはまだったんでしょうがそれでいいにしのような 役にいたちのメースによって大きなもとあってしまいました
sounds/matthew_01-20.wav,夫ヨセフは正しい人であったのでマリアのことを表ざたにするのを望まずひそかに縁を切ろうと決心した,おっとよせふは正しい人であったので、マリアのことを思ってザタにするのを望まず、 久々に円を切ろうと決心した。
sounds/common_voice_ja_19534150.wav,こんなに上手に英語で手紙を書けるのにどうして話せないの,こんな状態に英語で手紙を掛けるのにどうして話せないの?
sounds/common_voice_ja_19507532.wav,彼女は亡霊を見て髪を逆立てた,彼女は暴霊を見て紙を咲かだってた。
sounds/common_voice_ja_38040716.wav,村は深い雪のなかに横たわっていた城の山は全然見えず霧と闇とが山を取り巻いていて大きな城のありかを示すほんの微かな光さえも射していなかった,村は深い雪の中に伺っていた 白の山は全然見えず、キートやみとが山を取りまいていて 大きな白のありがしめず本のかすかな光さえもさしていなかった。
sounds/common_voice_ja_19507429.wav,彼女は魅力的だ,彼女は魅力的だ
sounds/common_voice_ja_19507488.wav,父が花に水をやるのを手伝った,父が鼻に水をやるのを手伝った。
sounds/common_voice_ja_19682998.wav,辞書を見て日本語を勉強します,実証を見て日本語を勉強します
sounds/common_voice_ja_19584427.wav,父は泳げますが母は泳げません,父はよけますか?母はよけません。
sounds/common_voice_ja_19485567.wav,本状の持参人は友人の鈴木君です,本場の自作人は友人の続きくんです
sounds/common_voice_ja_19485247.wav,不景気だと言いつつ今年のゴールデンウイークに海外旅行をする人は過去最高らしい,不景気だと言いつつ、今年のゴールデイウィークに海外旅行する人は過去最高らしい。
sounds/common_voice_ja_19710967.wav,彼女は余り親しくなかった,可能座はあまり親しくなかった。
sounds/common_voice_ja_19496605.wav,今日はとても暑い,今日はとても熱い
sounds/common_voice_ja_19507454.wav,物価が上がりつつある,ブッカが上りつつある
sounds/common_voice_ja_19485566.wav,富士山はみんなに知られている,富士さんはみんなに知られている
sounds/common_voice_ja_19485551.wav,筆記用具を持って来るのを忘れた,引き曜ぐを持ってくるのを忘れた
sounds/common_voice_ja_19534110.wav,壁に何枚かの絵があります,壁に何枚かの絵があります
sounds/common_voice_ja_19711207.wav,彼女は瓶から牛乳を空けた,彼女は人から急にお開けた。
sounds/common_voice_ja_19682194.wav,危ないのであそこの窓を開けてはいけません,あぶだいので、あそこの窓を開けてはいけません。
sounds/common_voice_ja_19517024.wav,彼女は風邪を引きやすかった,彼女は風を引きやすかった
sounds/common_voice_ja_19507434.wav,夫の死後ずっと彼女は一人暮らしだ,おとのしごずっと彼女は一人暮らしだ
sounds/common_voice_ja_19485622.wav,大昔のフィリピンには豊かな土地があった,オームカシのフィリピンには 豊かな土地があった
sounds/common_voice_ja_19534154.wav,不眠症です,フリンショーです
sounds/common_voice_ja_19682060.wav,貧乏暇なしですよ,リンゴ暇なしですよ
sounds/common_voice_ja_19500874.wav,彼女は彼女の祖母に育てられた,彼女は彼女のそばに育てられた
sounds/common_voice_ja_19485595.wav,この料理は家庭で作れます,この料理は家庭で作れます。
sounds/matthew_01-11.wav,ヒゼキヤはマナセをマナセはアモスをアモスはヨシヤを,ひぜきやはマナセオ。マナセはアモスオ。アモスは吉やオ。
sounds/common_voice_ja_19507444.wav,物価を調査するために委員会が設立された,向かを調査するために、いいんかいが設立された。
sounds/common_voice_ja_19682265.wav,勉強すれば少しずつ日本語が上手になるでしょう,勉強すれば少しずつ日本語が上手いならでしょう
sounds/common_voice_ja_19485574.wav,ツュレンハルト領はヴュルテンベルク領に編入された,連春取量は、ウルテンベルクリオンに変入された。
sounds/common_voice_ja_19682869.wav,皆さん来週漢字のテストをします,皆さん、来週、感じのテストをします。
sounds/common_voice_ja_19485656.wav,父は禁煙を決意した,父は金煙を受け継いした
sounds/common_voice_ja_19682927.wav,平和の反対は戦争である,英語の反対は戦争である
sounds/common_voice_ja_19682843.wav,半年一年とつづくと自分から願い出て病院を移ることがあるという,半年1年と続くと自分から願い出て病院をつることがあるという
sounds/common_voice_ja_19496628.wav,この色はとてもきれいです,この色はとても綺麗です
sounds/common_voice_ja_19507467.wav,彼女は卵を持ち逃げした,彼女は単語を持ちに逃げ下。
sounds/common_voice_ja_19580186.wav,部屋の中はものすごく静かだった,部屋の中はものすごく湿があった。
sounds/common_voice_ja_19547305.wav,物事をいいかげんにするな,物語を言い加減にするな。
sounds/common_voice_ja_19485877.wav,部屋には彼が一人だった,部屋に分かれが一人だった
sounds/common_voice_ja_19507534.wav,彼女は彼を宥めすかして機嫌を直させた,彼女は彼を断めすかして危険を直せた。
sounds/common_voice_ja_38350882.wav,この芸を一番うまく熱心にやった者に優等賞として青色の糸が授けられます二等賞は赤糸で緑が三等賞です,この銀を一番うまく熱心にやったものに、 入童所として、オイロの糸がさずけられます。入童所は赤いとで、緑が3等所です。
sounds/common_voice_ja_19682895.wav,不運にも案内者が道をまちがえた,ふうにも案内差が道を間違えた
sounds/common_voice_ja_19500965.wav,父は夕食前に入浴する,父は優勝前に入役する
sounds/common_voice_ja_19485593.wav,わたしは静かできれいな所に住みたいです,私は静かできれいなところに進みたいです。
sounds/common_voice_ja_19507523.wav,父の懐におられる一人子の神が神を解き明かされたのである,父の太鼓に降られる一人5の髪が髪をとき赤されたのである。
sounds/common_voice_ja_19485546.wav,物事は重なって起こる,ものごと赤さなんて起こる
sounds/common_voice_ja_19682728.wav,兵士の食料が底をつきかけている,平死の食料がそこを突きかけている
sounds/common_voice_ja_19485618.wav,うちの中学は弁当制で持って行けない場合は五十円の学校販売のパンを買う,うちの中学は弁当制で、持っていけない場合は50円の学校販売のパンを買う。
sounds/common_voice_ja_19492772.wav,文無しなんだ,モンだしなんだ
sounds/common_voice_ja_19683048.wav,車は高いですが便利です,車は高いですが、便利です。
sounds/common_voice_ja_19485547.wav,分かってるんだけどどうしようもないのよ,わかってるんだけど、どうしようもないのよ。
sounds/common_voice_ja_19763770.wav,今姉は東京に一人で住んでいます,今、あねは東京に一人で住んでいます。
sounds/common_voice_ja_19485627.wav,あの人は足が細くて長いです,あの人は足が細くて長いです
sounds/common_voice_ja_19682732.wav,鼻風邪をひきました,鼻風を引きました
sounds/common_voice_ja_19507487.wav,彼女は病気だろうと思う熱があるから,彼女は病気だろうと思う。熱があるから。
sounds/common_voice_ja_19763600.wav,じゃあバスで病院へ行きます,じゃあバスで病院に行きます
sounds/common_voice_ja_19534042.wav,部屋は真っ暗だったので全く何も見えなかった,部屋は巻く方だったので全く何も見えなかった
sounds/common_voice_ja_38337213.wav,今度はタラスのところへ行った第二の小悪魔がおれの方は手伝ってもらわなくてもいいうまく運んでいると言いながら話し出しました, 아이고 gobierno
sounds/common_voice_ja_19485249.wav,逆境に耐えたこのプロデューサーの作品にはヒューマニズムが脈々と息ずいている,逆境に耐えたこのプロデューサーの作品には、ヒューマニズムが弱めくと生きついている。
sounds/common_voice_ja_19580184.wav,そうなんです,そうなんです
sounds/common_voice_ja_19682308.wav,彼女は微笑みながら私に話しかけた,彼女はほぼよみながら私に話しかけた
sounds/common_voice_ja_19502621.wav,持ち物は食器着替えの下着タオル洗面用具などだ,町物は初期機械の下疑、タオル、1000円用具などだ。
sounds/common_voice_ja_19682729.wav,国産品のように見えて実は外国産という食品が氾濫している,国産品のように見えて実は外国産という食品が販売している
sounds/common_voice_ja_19485887.wav,来月から新しい生徒が来るそうです,内下から新しい性とが苦労そうです
sounds/common_voice_ja_19534138.wav,いっしょに旅行に行きませんか,一緒に旅行に行きませんか
sounds/common_voice_ja_19682239.wav,父は料理が得意だ母はといえば食べるのが得意だ,父は両人が得意だ。はい、はい、食べるのが得意だ。
sounds/common_voice_ja_19485600.wav,エドガーさんは魔法使いだった事もあるんですか,江戸川さんは魔法使いだったこともあるんですか
sounds/common_voice_ja_19507476.wav,物価はまだ上昇中である,ぶっかはまだ上昇中である
sounds/common_voice_ja_19547342.wav,父は医者です,DQ
sounds/common_voice_ja_19523286.wav,彼女は料理がうまい,かなじわ料理がうまい
sounds/matthew_02-04.wav,これを聞いてヘロデ王は不安を抱いたエルサレムの人々も皆同様であった,これを聞いて、ヘロデオは不安を抱いた。エルサレムの人々もみんな同様であった。
sounds/common_voice_ja_19779202.wav,病気のため彼はその会合に出席できなかった,病気のため彼はその会合に 出席できなかった。
sounds/common_voice_ja_19496648.wav,父は毎日日記をつけている,中中は毎日に気をつけている
sounds/common_voice_ja_19682236.wav,父は夜ジョギングすることに慣れている,地中は夜受近グすることになれている
sounds/common_voice_ja_19682327.wav,父も私も初めてその美術館へ行きました,父も私も初めてその美術館へ行きました
sounds/common_voice_ja_19677957.wav,皆さんが行くならわたしも行きます,皆さんが行くなら私も行きます
sounds/common_voice_ja_19711063.wav,彼女は美術の勉強をするためにフランスにいった,彼女は美術の勉強をするためにフランツに行った。
sounds/common_voice_ja_19711615.wav,彼の話はあまりにも馬鹿げていたので誰も信じなかった,彼の話はあんまりにもばかけていたので、誰も信じなかった。
sounds/common_voice_ja_19507525.wav,父は少し頭が古い,父は少し頭が古い。
sounds/common_voice_ja_19507426.wav,物価は上がり目だった,中はありめだった。
sounds/common_voice_ja_19500966.wav,天衣無縫おおらかなものだ,テイムホーオーラかなものだ
sounds/common_voice_ja_19499629.wav,新しい靴をはいて出かけます,※国籍の提供だけで物体が表示され、将来方と一緒に取られるし、客으로踏もう一分ちょっと顯示されたら始まりました。私は誰でもの斜車がずらかし、おくだくなったら絹を落とれたら、のために、測定あげ Henceに攻撃蔵をしています。
sounds/common_voice_ja_19507431.wav,兵士たちは夜明け前にその丘のふもとに着いた,平下ちゃんは言わけ前にその他の褒とについた
sounds/common_voice_ja_19496665.wav,三日前髪を切りました,見かまい神を切りました。
sounds/common_voice_ja_19673951.wav,避妊はちゃんとコンドームつけてたのよね,日々はちゃんと今度もつけてたのよね
sounds/common_voice_ja_19673949.wav,物価を押し上げるのにいくつかの要因が作用した,ブッカーをし上げるのに、靴かの用意に重いをした。
sounds/common_voice_ja_19712362.wav,山田さんはおもしろい人です,山田さんは面白い人です
sounds/common_voice_ja_19507457.wav,物は試し,物は試し
sounds/common_voice_ja_19711613.wav,汚い行為の報いは必ず自分に返ってくる,来たない幸いの向くいは必ず自分に帰ってくる。
sounds/common_voice_ja_19529147.wav,農業をやめざるをえない人があり関連企業もこの不況にひきずられているという,農業をやめずらを得ない人があり、関連企業もこの不協に引きずられているという
sounds/common_voice_ja_19502627.wav,雰囲気はいささか緊張したものになることがある,もう息は久々緊張したものになることがある?
sounds/common_voice_ja_19502603.wav,不動産の価格が日本では異常なほどに高騰してきた,動作の伺服が日本では以上なほどに行動してきた
sounds/common_voice_ja_19683017.wav,あの人は小林さんです,あの人は小林さんです
sounds/common_voice_ja_19534034.wav,いろいろありがとうございました,いろいろありがとうございました
sounds/common_voice_ja_19485256.wav,氷山の一角だよ,評価の一角だよ
sounds/common_voice_ja_19547327.wav,私は編集員を四年くらいはやったと思う,私は編集員を4年くらいはやったと思う
sounds/common_voice_ja_19529145.wav,名前を書いてください,名前を書いてください
sounds/common_voice_ja_19547308.wav,不意を打たれて私は返事に困った,吹いを打たれて私は辺時に困った
sounds/common_voice_ja_19682962.wav,あしたの朝洗濯しなければなりません,明日の朝選択しなければなりません
sounds/common_voice_ja_19682817.wav,父が出かけようとした矢先に電話が鳴った,地下でかけようとした野崎に電話がなった。
sounds/common_voice_ja_19502607.wav,風やら雨やらで旅行は台無しだった,カズネラー目洗ってる行為だいなしだった
sounds/common_voice_ja_19485601.wav,貧しいので買えない,まずしいので変えない
sounds/common_voice_ja_19711064.wav,取っ組み合いは夕方まで続いた,特にアイは夕方まで続いた。
