audio_filepath,transcript
sounds/common_voice_ja_19534088.wav,国はどちらですか
sounds/common_voice_ja_19534120.wav,きょうは早い時間に家を出ます
sounds/matthew_02-08.wav,そこでヘロデは占星術の学者たちをひそかに呼び寄せ星の現れた時期を確かめた
sounds/common_voice_ja_19683015.wav,不幸にもその大惨事で生き残った乗客はほとんどいなかった
sounds/common_voice_ja_19682731.wav,自分でテーブルを作ります
sounds/common_voice_ja_19580204.wav,風邪の具合はどうですか
sounds/matthew_02-15.wav,占星術の学者たちが帰って行くと主の天使が夢でヨセフに現れて言った起きて子供とその母親を連れてエジプトに逃げわたしが告げるまでそこにとどまっていなさいヘロデがこの子を探し出して殺そうとしている
sounds/matthew_02-21.wav,ラマで声が聞こえた激しく嘆き悲しむ声だラケルは子供たちのことで泣き慰めてもらおうともしない子供たちがもういないから
sounds/common_voice_ja_19507473.wav,彼が新進気鋭の学者と新聞で紹介された男かい
sounds/common_voice_ja_19485246.wav,山田さんはいつも元気ですけれどもきょうは静かです
sounds/common_voice_ja_19492777.wav,ドルペッグの意味は強い国につけということです
sounds/common_voice_ja_19502605.wav,彼女は歩きながら話した
sounds/common_voice_ja_19682151.wav,彼女は本に夢中になっていた
sounds/common_voice_ja_19529152.wav,彼女は僕にやさしい
sounds/common_voice_ja_19763876.wav,不幸な過去は忘れるようにしたほうがよい
sounds/common_voice_ja_19673791.wav,父は私の楽観を乱さないことにした
sounds/common_voice_ja_19507468.wav,祖母の遺灰は寺院に置かれた骨壷に入っている
sounds/common_voice_ja_19537422.wav,父はニューヨークへ旅行することになっています
sounds/common_voice_ja_19507541.wav,父はたくさんたばこを吸います
sounds/common_voice_ja_19620105.wav,冬が長くて辛ければそれだけ歓びも大きいのだ
sounds/common_voice_ja_19485543.wav,父はかかりつけの医師を呼びにいった
sounds/common_voice_ja_19500898.wav,小林さんはそのレストランを知りませんでした
sounds/common_voice_ja_19547328.wav,洋服屋さんは妻と私に半々に言った
sounds/common_voice_ja_19682763.wav,彼女は話す前にせきばらいする癖がある
sounds/matthew_01-04.wav,ユダはタマルによってペレツとゼラをペレツはヘツロンをヘツロンはアラムを
sounds/matthew_01-10.wav,
sounds/common_voice_ja_38413226.wav,セリヌンティウスは無言で首肯うなずきメロスをひしと抱きしめた友と友の間はそれでよかった
sounds/common_voice_ja_19547326.wav,物価は上昇し続けた
sounds/matthew_02-02.wav,イエスはヘロデ王の時代にユダヤのベツレヘムでお生まれになったそのとき占星術の学者たちが東の方からエルサレムに来て
sounds/common_voice_ja_19712370.wav,物価がまた上がるそうだ
sounds/common_voice_ja_19683001.wav,不公平の存在は否認しなかった
sounds/common_voice_ja_19547314.wav,氷が薄いから君の体重では無理だ
sounds/common_voice_ja_19763470.wav,たくさんごはんを食べれば丈夫な体になります
sounds/common_voice_ja_19763931.wav,勝てる試合になぜ勝てそうなピッチャーを先発させないのだろうか
sounds/common_voice_ja_19492761.wav,部屋の電気がつかない
sounds/common_voice_ja_19507460.wav,入試前の夏休みだというのに本ばかり読みふけっていた
sounds/common_voice_ja_19507469.wav,あそこに小さい女の子がいます
sounds/common_voice_ja_19682955.wav,彼女は病気で見る影もなかった
sounds/common_voice_ja_19507433.wav,木村さんに英語を教えます
sounds/common_voice_ja_19547310.wav,官軍に入城を許すとはどういう了見だ
sounds/matthew_02-22.wav,慰めてもらおうともしない子供たちがもういないから
sounds/common_voice_ja_19485599.wav,ムクドリのヒナを親鳥に返せますか
sounds/common_voice_ja_38040712.wav,中村係長は桂君たちの手がらをほめておいて部下のふたりを建物の裏にまわし自分はふたりの制服警官をしたがえてポーチにあがると
sounds/common_voice_ja_19763933.wav,病人は唇をかすかに動かした
sounds/common_voice_ja_19763877.wav,父はちょうど帰宅したところです
sounds/common_voice_ja_19673790.wav,夫はいつもベッドで本を読む
sounds/common_voice_ja_19547340.wav,ここ一ヶ月はほとんど不眠不休の徹夜続きで目が腫れ上がっている
sounds/common_voice_ja_19507449.wav,林さんはコンピューターの会社で働いています
sounds/common_voice_ja_19482479.wav,沸騰している湯に塩を入れなさい
sounds/common_voice_ja_19682894.wav,父は仕事で時々オーストラリアに出かけます
sounds/common_voice_ja_19523284.wav,父はふだんバスで事務所へ行きます
sounds/common_voice_ja_19485884.wav,自然の知恵でよく知っている
sounds/common_voice_ja_19682191.wav,貧血で倒れました
sounds/common_voice_ja_38394792.wav,本船の方へ引っ張り上げようとしているとちょうどそのときハンカチのついた棒を穴から突き出す者があるので
sounds/matthew_01-02.wav,アブラハムの子ダビデの子イエスキリストの系図
sounds/common_voice_ja_38352247.wav,農夫にも痛切なのでその頑固な役人たちは何か秘密の申し合せとか不正とかでもあるのではないかとかぎ廻りその上一人の指導者を見つけ出した
sounds/common_voice_ja_19682822.wav,病気ですか顔が青白いよ
sounds/common_voice_ja_19534086.wav,病院で検査用の血液を採血した
sounds/common_voice_ja_19763930.wav,来週そちらへ行くとき飲み物を買っていきます
sounds/common_voice_ja_19682844.wav,どうぞ皆様も最後の一瞬まで粘り抜いてください
sounds/common_voice_ja_19547313.wav,父の勘定につけといてください
sounds/common_voice_ja_19779198.wav,彼女は病気だったようだ
sounds/common_voice_ja_19682678.wav,支払いは割り勘にしよう
sounds/common_voice_ja_19779199.wav,百合が雨のために打ち倒されてしまった
sounds/common_voice_ja_19485626.wav,副作用はありませんか
sounds/common_voice_ja_19682078.wav,父が病気になったので私たちは医者を呼びにやった
sounds/common_voice_ja_19485875.wav,父は海外にいる間手紙や電話でわれわれと接触し続けた
sounds/common_voice_ja_19547339.wav,彼女は本の絵をノートに書き移した
sounds/common_voice_ja_19485657.wav,彼女は盲人のために募金をしている
sounds/common_voice_ja_19677956.wav,彼女は未だかつて北海道へ行ったことがない
sounds/matthew_01-18.wav,こうして全部合わせるとアブラハムからダビデまで十四代ダビデからバビロンへの移住まで十四代バビロンへ移されてからキリストまでが十四代である
sounds/common_voice_ja_19712366.wav,おととい寒かったので雪が降りました
sounds/common_voice_ja_19507501.wav,物事は中途半端にするな
sounds/common_voice_ja_19534058.wav,部屋の中の人々は何も言わなかった
sounds/matthew_02-17.wav,ヘロデが死ぬまでそこにいたそれはわたしはエジプトからわたしの子を呼び出したと主が預言者を通して言われていたことが実現するためであった
sounds/common_voice_ja_19712331.wav,コーヒーはいかがですか
sounds/matthew_02-19.wav,さてヘロデは占星術の学者たちにだまされたと知って大いに怒ったそして人を送り学者たちに確かめておいた時期に基づいてベツレヘムとその周辺一帯にいた二歳以下の男の子を一人残らず殺させた
sounds/common_voice_ja_19492774.wav,彼女は妹に辞書を買ってやった
sounds/common_voice_ja_19507526.wav,山田さんはお父さんが医者です
sounds/common_voice_ja_19507439.wav,日本には美しい都市が多い例えば京都奈良だ
sounds/common_voice_ja_19763879.wav,一番の人から十番の人まで入ってください
sounds/common_voice_ja_19529151.wav,わたしは外国人に日本語を教えています
sounds/matthew_01-08.wav,ソロモンはレハブアムをレハブアムはアビヤをアビヤはアサを
sounds/common_voice_ja_19485243.wav,わたしはあの人のことを覚えていませんでした
sounds/common_voice_ja_19500968.wav,疲れた少年はぐっすり眠っている
sounds/common_voice_ja_19485556.wav,わたしは学生です
sounds/common_voice_ja_19534040.wav,訴訟リスクの高さも産科医にのしかかる
sounds/common_voice_ja_19682963.wav,田中さんは元気な人です
sounds/common_voice_ja_19507442.wav,どうもありがとうございました
sounds/matthew_01-21.wav,このように考えていると主の天使が夢に現れて言ったダビデの子ヨセフ恐れず妻マリアを迎え入れなさいマリアの胎の子は聖霊によって宿ったのである
sounds/common_voice_ja_19482490.wav,負傷者を病院に運びなさい
sounds/common_voice_ja_19547306.wav,彼女は名前をアンに変えた
sounds/common_voice_ja_19492760.wav,彼女は毛糸でセーターを編んでいる
sounds/common_voice_ja_19682411.wav,父は社長に昇進した
sounds/common_voice_ja_19534153.wav,必要の前に法律はない
sounds/common_voice_ja_19507424.wav,彼女は隣の人の幸運を妬んでいた
sounds/common_voice_ja_38040554.wav,新しい踊り手が舞いこんだとでもいうふうに彼女のほうを振り向いたのだった事実一瞬のあいだはフリーダが鞭を落してしまいそうに見えたが
sounds/common_voice_ja_38413223.wav,彼等は満八十歳になるとこの国の法律ではもう死んだものと同じように扱われ財産はすぐ子供が相続することになっています
sounds/common_voice_ja_19496609.wav,彼女は明かりをつけた
sounds/common_voice_ja_19534043.wav,彼女は帽子を風で飛ばされました
sounds/common_voice_ja_19482543.wav,不平を言うなんてあなたらしくない
sounds/common_voice_ja_19507542.wav,あしたの夜は友達と会うので出かけます
sounds/matthew_02-06.wav,彼らは言ったユダヤのベツレヘムです預言者がこう書いています
sounds/common_voice_ja_19496631.wav,全部で十あります
sounds/common_voice_ja_19499818.wav,父はゴルフをやるにはやるがうまくはない
sounds/common_voice_ja_19507516.wav,彼女は留学するかもしれないとほのめかした
sounds/common_voice_ja_19500967.wav,父は貿易業に従事している
sounds/common_voice_ja_19482491.wav,テロがあるからやめろとさんざんいわれた
sounds/common_voice_ja_38379908.wav,三人が三人ともいい身分になって立派に国を治めていましたそれが年よった悪魔をひどく困らせました
sounds/common_voice_ja_19507438.wav,使わない物を本棚の上に上げます
sounds/common_voice_ja_19485591.wav,ユーモアとは高慢このうえない解毒剤だ
sounds/common_voice_ja_19507450.wav,彼女は部屋に入ってきた
sounds/common_voice_ja_19485636.wav,それはきょうの新聞です
sounds/matthew_01-22.wav,マリアは男の子を産むその子をイエスと名付けなさいこの子は自分の民を罪から救うからである
sounds/common_voice_ja_38413224.wav,宿に着くとすぐに自分の部屋へいきベッドの上に横になったフリーダはそのわきの床の上に寝床をつくった
sounds/common_voice_ja_19710846.wav,なぜですか
sounds/matthew_01-23.wav,このすべてのことが起こったのは主が預言者を通して言われていたことが実現するためであった
sounds/common_voice_ja_19682195.wav,不注意が大事故につながる事がある
sounds/common_voice_ja_19507447.wav,わたしはスポーツがすきではありません
sounds/common_voice_ja_19507538.wav,きょうは友達と晩ごはんを食べます
sounds/common_voice_ja_19482501.wav,田中さんの奥さんは大学の先生です
sounds/common_voice_ja_19779197.wav,服は赤ピンク青色などであった
sounds/common_voice_ja_19485252.wav,物事はあるがままに見よ
sounds/common_voice_ja_19677954.wav,父は昼食を食べるために読書をやめました
sounds/matthew_02-10.wav,彼らが王の言葉を聞いて出かけると東方で見た星が先立って進みついに幼子のいる場所の上に止まった
sounds/common_voice_ja_19507498.wav,父はよく皿洗いをします
sounds/common_voice_ja_19682760.wav,彼女は頬をふくらませた
sounds/common_voice_ja_19555949.wav,おとといデパートで新しい靴を買いました
sounds/common_voice_ja_19534060.wav,生徒たちは廊下にまっすぐ並びます
sounds/common_voice_ja_19507440.wav,産科医が減り続け産科医療が危機に陥っている
sounds/common_voice_ja_38040714.wav,ところが印度王はシモン王のことを聞いてすっかりその考えをまねてしまいましたそしてそればかりでなく自分の方でいろいろと工夫しました
sounds/common_voice_ja_19534059.wav,あなた同様私もヤフオクの評価が信じられません
sounds/common_voice_ja_19682407.wav,風邪を引いて頭が痛い
sounds/common_voice_ja_19547324.wav,富士山より高い山は日本にはない
sounds/common_voice_ja_19682325.wav,ここは零度なのでとても寒いです
sounds/common_voice_ja_19547316.wav,図書館で勉強している田中さんを見ました
sounds/common_voice_ja_19682990.wav,社長さんの車種と色は
sounds/common_voice_ja_19492769.wav,そのコップはあなたのです
sounds/common_voice_ja_19534111.wav,彼女は利口というよりむしろ賢明である
sounds/common_voice_ja_38394793.wav,逃げなかったのですやっとのことでふみとどまったのです桂君は自分が名誉ある少年探偵団の一員であることを思いだしました
sounds/common_voice_ja_19496647.wav,彼女は彼をハンサムだといった
sounds/common_voice_ja_19676248.wav,ぶらぶらと球場まで十分足らずの道を歩いていく
sounds/common_voice_ja_38379911.wav,もしあの馬鹿がああして畑の仕事をつづけて行くとあいつらは困るということを知らないだろうあいつが二人の兄を養って行くだろうからね
sounds/common_voice_ja_19486650.wav,わたしは今お金がありません
sounds/common_voice_ja_19710973.wav,父は病気で寝ていますのであなたに会えません
sounds/common_voice_ja_19763473.wav,父はその家を売りに出した
sounds/common_voice_ja_38394775.wav,その物体の斜面にはたくさんの人間が上下に動きまわっているのですその姿がはっきりと見えるのです
sounds/common_voice_ja_38394780.wav,桂君がけっして手ぬかりはなかったといっていますみんな小学生ですけれどなかなかしっかりした人たちですからぼくも信用していいと思います
sounds/common_voice_ja_19517026.wav,事故原因の究明は急いでもらいたい
sounds/common_voice_ja_19682244.wav,父は私に改心するように言った
sounds/common_voice_ja_19485577.wav,わたしは本を読みました
sounds/common_voice_ja_19763604.wav,部屋の中に入ってください
sounds/common_voice_ja_19486649.wav,ピラミッドを築くだけの苦労がそこにそそがれたはずであった
sounds/common_voice_ja_19682074.wav,兵隊が町への道を封鎖した
sounds/common_voice_ja_19486652.wav,彼女は流行に敏感である
sounds/common_voice_ja_19507455.wav,兵士は皆勇敢だった
sounds/common_voice_ja_38394788.wav,あまり長くそこに立っていたためにすっかりお腹を空してしまいましたしかしたれもが塔の上へ食物を持って行くことなど考えもしませんでした
sounds/common_voice_ja_19537421.wav,病気の時見舞いに来てくれてどうもありがとう
sounds/common_voice_ja_19485555.wav,彼女は話が下手です
sounds/common_voice_ja_19682893.wav,この村は静かできれいです
sounds/common_voice_ja_19763774.wav,部屋には数人の学生がいた
sounds/common_voice_ja_19620103.wav,貧しさのため彼は研究を続けることが出来なかった
sounds/common_voice_ja_19580237.wav,財布をなくしたので交番へ行きます
sounds/common_voice_ja_19507477.wav,母に料理を教えてもらいました
sounds/common_voice_ja_19507445.wav,東京ミッドタウンは緑がいっぱい
sounds/common_voice_ja_19779201.wav,平和しか世界を救うことはできない
sounds/common_voice_ja_19710971.wav,氷は溶けて水になる
sounds/common_voice_ja_38352244.wav,この原則は全体の優秀な組織によって正当なものとされますし事の処理が極度に速やかになされなければならないときにはどうしても必要なのです
sounds/common_voice_ja_19701173.wav,父は私の弟を掌中の玉のようにかわいがった
sounds/common_voice_ja_19682307.wav,ここは二階です
sounds/common_voice_ja_19485557.wav,安ければ買います
sounds/common_voice_ja_19500921.wav,彼女は両親の願いに逆らってその外国人と結婚した
sounds/common_voice_ja_19763771.wav,風邪に気をつけて
sounds/common_voice_ja_19492762.wav,彼女を秘書として使ってみよう
sounds/common_voice_ja_19500895.wav,きのうは疲れていたので今朝遅く起きました
sounds/common_voice_ja_19682989.wav,人物の独白があれば空から見おろすような描写がある
sounds/common_voice_ja_19682329.wav,父は来週海外へ行くつもりだ
sounds/common_voice_ja_19682928.wav,スーパーボウルを見るために会社を休んでいた事もありました
sounds/common_voice_ja_19529146.wav,父はお金にきちょうめんです
sounds/common_voice_ja_19683053.wav,あやうく某業者の甘言に騙され大損するところでした
sounds/common_voice_ja_19537425.wav,腹を立てるのもあたりまえだな
sounds/common_voice_ja_19682929.wav,夜は寒いのでコートを持って出かけます
sounds/common_voice_ja_19485597.wav,分かりました気をつけて運転してください
sounds/common_voice_ja_19507537.wav,そっちへ行くと郵便局や銀行があります
sounds/common_voice_ja_38379913.wav,イワンはまた他の木を伐り倒しにかかりましたするとまた前と同じようなことが起りましたイワンは汗びしょになりました
sounds/common_voice_ja_19507490.wav,病気見舞いはかえってありがた迷惑だ
sounds/common_voice_ja_19534112.wav,山田さんは来月東京へ行くそうです
sounds/common_voice_ja_38040709.wav,過度の緊張の結果が現われたのだったもちろんはなはだまずいときにである新しい知合いを探そうという気持が逆らいがたく彼の心をひいていた
sounds/common_voice_ja_19492765.wav,たまにはビール以外のお酒をちびちび舐めるのも良いでしょう
sounds/common_voice_ja_19485554.wav,彼女は母親と一緒にやってきた
sounds/common_voice_ja_19621166.wav,父は滅多に日曜日に外出することはない
sounds/common_voice_ja_19507458.wav,この果てしない宇宙にいるのは私たち人類だけですか
sounds/common_voice_ja_19701171.wav,布に応じて衣服を裁て
sounds/common_voice_ja_19763996.wav,彼女は別れを告げずに立ち去った
sounds/matthew_02-11.wav,学者たちはその星を見て喜びにあふれた
sounds/common_voice_ja_19711826.wav,彼女は容易に試験にとおると思う
sounds/common_voice_ja_19507514.wav,彼女は服装に大部分のお金を使う
sounds/matthew_01-13.wav,バビロンへ移住させられた後エコンヤはシャルティエルをもうけシャルティエルはゼルバベルを
sounds/common_voice_ja_19502604.wav,布団をたたみなさい
sounds/common_voice_ja_38425473.wav,彼等は青年が愉快そうにしているのを見ては嫉妬しますそれは彼等がもうあんなに愉快にはなれないからです
sounds/common_voice_ja_19507512.wav,不正には抗議せざるをえない
sounds/common_voice_ja_19682850.wav,非の打ち所がない計画は窮屈だなあ
sounds/common_voice_ja_19580188.wav,新しい道ができたので村は便利になりました
sounds/common_voice_ja_19517025.wav,毎日忙しいのであまり休むことができません
sounds/common_voice_ja_38394787.wav,ラグナグ国と日本国とは絶えず行き来しているのですからこのストラルドブラグの話ももしかすると日本の人が本に書いているかもしれません
sounds/matthew_01-06.wav,サルモンはラハブによってボアズをボアズはルツによってオベドをオベドはエッサイを
sounds/common_voice_ja_38040553.wav,イワンは百姓やおかみさんたちを招んで御馳走を食べて酔っぱらうまでに飲みましたそれから通りへ出て村の若者や娘たちが踊っている広場へ
sounds/common_voice_ja_19482481.wav,彼女は腕にギブスをはめている
sounds/common_voice_ja_19482487.wav,父は私たちの中で一番背が高い
sounds/common_voice_ja_19710969.wav,あなたの美意識を満足させるものは何ですか
sounds/common_voice_ja_19499816.wav,文法は私の大嫌いなものですがためになります
sounds/common_voice_ja_19763773.wav,今週テストが四つもありました
sounds/matthew_02-09.wav,そして行ってその子のことを詳しく調べ見つかったら知らせてくれわたしも行って拝もうと言ってベツレヘムへ送り出した
sounds/common_voice_ja_19507430.wav,付き合いがいやなわけではないが疲れているのだ
sounds/common_voice_ja_19620159.wav,テストはできましたかそれでは出してください
sounds/common_voice_ja_19485872.wav,留守中の郵便物を処理するだけで優に半日はかかる
sounds/matthew_02-20.wav,こうして預言者エレミヤを通して言われていたことが実現した
sounds/common_voice_ja_19712327.wav,風邪によい薬はありませんか
sounds/common_voice_ja_19507474.wav,指導部の交代は国際政治経済に重要な影響を与える
sounds/common_voice_ja_19682322.wav,普段は泥にまみれたもんぺ姿の母が薄化粧して水色のワンピースを着て来た
sounds/common_voice_ja_19534064.wav,あそこにいる人はたぶん山田さんです
sounds/common_voice_ja_19496625.wav,けさテレビでニュースを見ました
sounds/common_voice_ja_19507463.wav,父は昔腕力のある人でした
sounds/common_voice_ja_19621170.wav,彼女を電話に出して頂けませんか
sounds/common_voice_ja_19507456.wav,彼女は妹に劣らずきれいだ
sounds/common_voice_ja_19763878.wav,おもちゃコンサルタントの方々が甲斐甲斐しく働く姿がとても印象的でした
sounds/common_voice_ja_19682765.wav,あまりつかれませんでした
sounds/matthew_01-17.wav,ヤコブはマリアの夫ヨセフをもうけたこのマリアからメシアと呼ばれるイエスがお生まれになった
sounds/common_voice_ja_19485563.wav,彼女は父親が金持ちであることを自慢している
sounds/common_voice_ja_19496633.wav,うちにはテレビが三台あります
sounds/matthew_01-19.wav,イエス・キリストの誕生の次第は次のようであった母マリアはヨセフと婚約していたが二人が一緒になる前に聖霊によって身ごもっていることが明らかになった
sounds/common_voice_ja_19534023.wav,氷みたいに冷たい顔しないでくれよ
sounds/common_voice_ja_19682780.wav,強い乱視はコンタクトレンズのほうが矯正できます
sounds/common_voice_ja_19682680.wav,デパートへ行ってエレベーターで最上階にあがりまずお好み食堂へ入った
sounds/common_voice_ja_19534022.wav,疲れたときは風呂に入るのが一番
sounds/common_voice_ja_19482542.wav,あの人は日本語の先生だと思います
sounds/common_voice_ja_19507539.wav,彼女を怒らせたのは彼の沈黙だった
sounds/common_voice_ja_19711061.wav,彼女は毎日何時間も練習してテニスの試合に備えた
sounds/common_voice_ja_19482505.wav,あしたテストがあるので今晩は勉強します
sounds/common_voice_ja_19763598.wav,彼女は旅行へ行っています
sounds/common_voice_ja_19534123.wav,わたしはバスを待っています
sounds/common_voice_ja_19763543.wav,父は天文学つまり星に関する学問を研究している
sounds/common_voice_ja_19763772.wav,彼女は冷たくじろりとこちらをにらんだ
sounds/common_voice_ja_19677953.wav,彼等はこの陳述が真実であると一人残らず認めた
sounds/matthew_02-05.wav,王は民の祭司長たちや律法学者たちを皆集めてメシアはどこに生まれることになっているのかと問いただした
sounds/common_voice_ja_38040718.wav,黒い魔物はつい目の前を走っています暗い庭の中でまっ黒なやつを追うのですからなかなか骨が折れましたがさいわい庭のまわりは
sounds/common_voice_ja_19485564.wav,病気のために彼女は来れなかった
sounds/common_voice_ja_19485590.wav,日本人は決してユーモアと無縁な人種ではなかった
sounds/common_voice_ja_19682867.wav,聞けば彼は村ではひとかどの人物だとか
sounds/common_voice_ja_19482531.wav,舞台の上の女優は濃い化粧をしていた
sounds/common_voice_ja_19507491.wav,このボールペンはいくらですか
sounds/common_voice_ja_19682819.wav,スクールで得たのは一生ぬぐえない恐怖感と人への不信感だけだ
sounds/common_voice_ja_19507485.wav,田中さんの車は白くて大きいです
sounds/common_voice_ja_19485548.wav,鼻水が出ます
sounds/common_voice_ja_19485572.wav,儲けようとする投機筋に操られているのです
sounds/common_voice_ja_19492775.wav,父は私の退学に同意した
sounds/common_voice_ja_19534114.wav,そこへオーナーが新しいシェフとして腕利きのヒョヌクを招く
sounds/common_voice_ja_19763998.wav,きょうは何月何日ですか
sounds/common_voice_ja_19482480.wav,木村さんはわたしに写真を見せてくれました
sounds/common_voice_ja_19580205.wav,部屋には誰もいない
sounds/common_voice_ja_19763471.wav,この絵は色がきれいです
sounds/common_voice_ja_19534085.wav,うちに電話をかけましたが誰もいませんでした
sounds/common_voice_ja_19482488.wav,彼女は風に髪をなびかせて私のほうへ走ってきた
sounds/common_voice_ja_38352248.wav,エスピリトサント州の州都はヴィトーリアである
sounds/common_voice_ja_19502625.wav,日本人は引き揚げの苦しさばかり言い中国人の傷を考えない
sounds/common_voice_ja_19485625.wav,貧しい人が必ずしも不幸なわけではないと言われている
sounds/common_voice_ja_38394773.wav,この書生の掌の裏でしばらくはよい心持ちに坐っておったがしばらくすると非常な速力で運転し始めたこの書生の掌の裏でしばらくはよい心持ちに坐っておったがしばらくすると非常な速力で運転し始めた
sounds/common_voice_ja_19547307.wav,父は商用で香港に行った
sounds/common_voice_ja_19620160.wav,あそこに丸い箱があります
sounds/common_voice_ja_19507530.wav,彼等は多くのくなんをたえしのんだ
sounds/common_voice_ja_19507483.wav,表か裏か
sounds/common_voice_ja_19682065.wav,検札に来た車掌も見て見ぬふりである
sounds/common_voice_ja_19507423.wav,また御都合がよろしければその晩夕食に御招待したいと存じます
sounds/common_voice_ja_19485621.wav,野球の後のビールぐらいうまいものはない
sounds/common_voice_ja_19485886.wav,部屋をきちんとしておかなくてはならない
sounds/common_voice_ja_19682922.wav,シャツもなくズボンもなくもちろん古新聞もなければ古雑誌もない
sounds/common_voice_ja_38394778.wav,濁流を突破した山賊の囲みからもするりと抜けて一気に峠を駈け降りて来たのだ
sounds/common_voice_ja_19555944.wav,風が強く吹いている
sounds/common_voice_ja_19507448.wav,彼女は美しい花をたくさん摘んだ
sounds/common_voice_ja_19500897.wav,父も母に劣らず私をかわいがってくれた
sounds/common_voice_ja_19547315.wav,封切られたばかりの映画はなんですか
sounds/common_voice_ja_19682821.wav,父親が亡くなってジョンは居酒屋に入りびたるようになった
sounds/common_voice_ja_19507425.wav,彼女は両手で顔をおおった
sounds/matthew_02-07.wav,ユダの地ベツレヘムよお前はユダの指導者たちの中で決していちばん小さいものではないお前から指導者が現れわたしの民イスラエルの牧者となるからである
sounds/common_voice_ja_19492759.wav,不活発な子供は空想の世界に閉じこもる傾向がずっと高い
sounds/common_voice_ja_38040713.wav,ぼくはここの主人の春木はるきというものですがよくおいでくださいましたじつはぼくのほうからお電話でもしようかと考えていたところです
sounds/common_voice_ja_19584425.wav,暑いのでセーターを脱ぎます
sounds/common_voice_ja_19534139.wav,紛争のない人間社会はありえない
sounds/common_voice_ja_19683012.wav,世界が一丸となって気候変動の問題に取り組む必要がある
sounds/common_voice_ja_19502626.wav,病人はまだしっかりしている
sounds/matthew_01-16.wav,エリウドはエレアザルをエレアザルはマタンをマタンはヤコブを
sounds/common_voice_ja_19496645.wav,彼女は夫の死に心を痛めている
sounds/common_voice_ja_19517023.wav,父はまだ休んでいる
sounds/common_voice_ja_19485594.wav,兵隊達は全員その地帯の地図を持っていた
sounds/common_voice_ja_19485244.wav,彼女は来ると電報を打ってきた
sounds/common_voice_ja_19683019.wav,瀕死の患者の家族についてはどうでしょうか
sounds/common_voice_ja_19701172.wav,父は母を愛している
sounds/matthew_02-24.wav,ヘロデが死ぬと、主の天使がエジプトにいるヨセフに夢で現れて
sounds/common_voice_ja_19485573.wav,父親が病気の間彼が会社を経営した
sounds/common_voice_ja_19507515.wav,ちゃんとした文章をしゃべらず単語で間に合わせる
sounds/common_voice_ja_19620102.wav,仕事が終わったら夕飯を食べに行きます
sounds/common_voice_ja_19763999.wav,あしたの天気は雨です
sounds/matthew_01-07.wav,エッサイはダビデ王をもうけたダビデはウリヤの妻によってソロモンをもうけ
sounds/common_voice_ja_19534087.wav,あそこに犬が二匹います
sounds/common_voice_ja_19534020.wav,制度が動かぬとなればやはり不都合が出てくる
sounds/common_voice_ja_19534062.wav,初めて沈黙を破ってキリストがささやいた
sounds/common_voice_ja_19500920.wav,物音で彼女は目を覚ました
sounds/common_voice_ja_19485635.wav,彼女は僕に会うたびに微笑みかける
sounds/common_voice_ja_19534044.wav,わたしの部屋は南側にあるので明るいです
sounds/common_voice_ja_19534152.wav,彼女達は社会的地位の向上を願った
sounds/common_voice_ja_19507475.wav,わたしは毎朝散歩に行きます
sounds/common_voice_ja_38040550.wav,愛情のためです心配からですとおかみはいいフリーダの頭を自分の身体に引きよせたフリーダは立っているのに坐っているおかみの肩のところまで
sounds/common_voice_ja_19507462.wav,群衆行動で恐ろしいのはどさくさまぎれの心理だ
sounds/common_voice_ja_19534031.wav,航空事故を限りなくゼロに近づけるにはそれほどなり振りかまわぬ努力がいる
sounds/matthew_01-15.wav,アゾルはサドクをサドクはアキムをアキムはエリウドを
sounds/common_voice_ja_19572004.wav,きょうの夕飯はカレーを作ろうと思います
sounds/matthew_01-14.wav,ゼルバベルはアビウドをアビウドはエリアキムをエリアキムはアゾルを
sounds/common_voice_ja_19547343.wav,風が凪いだ
sounds/common_voice_ja_38040551.wav,ある監督の役所がそのあいだにＡ課から何年も前に村に宛てて測量技師についての照会が行われているのにこれまでその返事がきていないということを
sounds/common_voice_ja_19507524.wav,壁には絵が何枚かかけてあった
sounds/common_voice_ja_19485250.wav,わたしは松井さんが書いた作文を読みました
sounds/common_voice_ja_19485655.wav,電車に乗るとき切符を買います
sounds/common_voice_ja_19682776.wav,彼女は風邪で寝ている
sounds/common_voice_ja_19682775.wav,秋は涼しいです
sounds/common_voice_ja_19485873.wav,夕方公園へ散歩に行きました
sounds/common_voice_ja_19763995.wav,おふろで体を洗います
sounds/common_voice_ja_19682675.wav,悲鳴で静寂がやぶられた
sounds/common_voice_ja_19507544.wav,バスで学校に行きます
sounds/common_voice_ja_19763474.wav,彼女は裕福だけれども幸福ではない
sounds/matthew_02-28.wav,ナザレという町に行って住んだ彼はナザレの人と呼ばれると預言者たちを通して言われていたことが実現するためであった
sounds/common_voice_ja_19485588.wav,彼女は母親に似ているとは思わない
sounds/common_voice_ja_19547309.wav,田中さんの左に木村さんがいます
sounds/common_voice_ja_38352243.wav,まあ二人はなんていう恰好でここに寝ているんでしょうと女中の一人がいって同情の気持から彼らの上に一枚の布を投げかけた
sounds/common_voice_ja_19534089.wav,幼児はしばしばフィクションと現実とを混同する
sounds/common_voice_ja_19507540.wav,いくつありますか
sounds/common_voice_ja_19682267.wav,このかばんは高かったです
sounds/common_voice_ja_19485596.wav,東京は晴れでした
sounds/common_voice_ja_38413227.wav,この間おさんの秋刀魚を盗んでこの返報をしてやってからやっと胸のつかえが下りた
sounds/common_voice_ja_38379910.wav,ただ色が違った植物の色をしていなかった
sounds/common_voice_ja_19492770.wav,来月わたしの弟は二十歳になります
sounds/common_voice_ja_19682897.wav,ここで使われている文法形式は現在進行形である
sounds/common_voice_ja_19621167.wav,普通中距離トラックのドライバーは中年の人が多い
sounds/common_voice_ja_19485578.wav,田中さんの右に山田さんがいます
sounds/common_voice_ja_19555947.wav,きょうの授業はここまでですそれではまた来週会いましょう
sounds/common_voice_ja_19482489.wav,父は私に技師になってほしいと思っている
sounds/common_voice_ja_19682145.wav,彼女は父親似だ
sounds/common_voice_ja_19507543.wav,氷の温度は何度ですか
sounds/common_voice_ja_19485248.wav,物心ついて以来はこんな美しい夜を見たことがない
sounds/common_voice_ja_19485592.wav,きょうはレストランで晩ごはんを食べます
sounds/common_voice_ja_38425474.wav,心を開いておしゃべりしてかまいませんしまたたとえばあなたがどんなふうにクラムと話すつもりでいるのかをわたしたちに打ち明けることもできます
sounds/common_voice_ja_19763535.wav,今週日本語の授業は休みです
sounds/common_voice_ja_19534021.wav,彼等をからかってはいけません
sounds/common_voice_ja_19529149.wav,両手の指は変形し関節の辺りがこぶ状に盛り上がっていた
sounds/common_voice_ja_19529154.wav,父は私にどこへ行ったらいいか教えてくれた
sounds/common_voice_ja_38379907.wav,言いかたがまずかったかもしれないけれど規則の重要さを軽んじているわけでは全然ないのですただ一つのことだけあなたに聞いていただきたい
sounds/common_voice_ja_19763541.wav,きょうは大変楽しかったです
sounds/common_voice_ja_19682264.wav,不思議なことに結局彼は本当に試験に合格した
sounds/common_voice_ja_19682408.wav,きのうのパーティーはとても楽しかったです
sounds/common_voice_ja_19547325.wav,今午後七時です
sounds/common_voice_ja_19682981.wav,細かい意訳誤訳は気にしないでください
sounds/common_voice_ja_19580185.wav,母に誕生日のプレゼントをあげました
sounds/common_voice_ja_19584426.wav,なぜ日本語を勉強しているんですか
sounds/common_voice_ja_19496626.wav,スーパーへ買い物に行きます
sounds/common_voice_ja_19534124.wav,コンピューターのスイッチを入れます
sounds/common_voice_ja_38040710.wav,福岡県築上町
sounds/common_voice_ja_19482544.wav,貧しい人を愚弄してはいけない
sounds/common_voice_ja_19496607.wav,この箱はとても重いです
sounds/matthew_02-03.wav,言ったユダヤ人の王としてお生まれになった方はどこにおられますかわたしたちは東方でその方の星を見たので拝みに来たのです
sounds/common_voice_ja_19620161.wav,必ず変化が起こるだろう
sounds/common_voice_ja_19683096.wav,瓶の中にはまずほとんどワインは残っていない
sounds/common_voice_ja_19507453.wav,必要な場合には訪ねていらっしゃい
sounds/common_voice_ja_19682241.wav,彼等は田舎へ行った
sounds/common_voice_ja_38394791.wav,そこでシモンはお前の着物が大へん臭いので家内がいやだというのだよお前外へ行って飯を食ったらいいだろうと言いました
sounds/common_voice_ja_19485871.wav,風呂はついてますか
sounds/common_voice_ja_19485549.wav,彼女は飛行機事故で両親を失い孤児になった
sounds/common_voice_ja_19485575.wav,父は木にはしごを立てかけた
sounds/common_voice_ja_19507527.wav,聞いたところによると彼らの結婚は破綻をきたしているらしいよ
sounds/common_voice_ja_19485870.wav,物質が直接固体から気体に変わる過程を昇華という
sounds/common_voice_ja_19682147.wav,妹はもう寝ました
sounds/common_voice_ja_19701169.wav,部屋は全く整頓されていなかった
sounds/common_voice_ja_19621168.wav,ギンザケの卵を輸入してふ化させ海中で育てる養殖も始まっている
sounds/common_voice_ja_19485623.wav,彼女は憂鬱状態になることがある
sounds/common_voice_ja_19620104.wav,部屋をのぞいてみたらだれもいなかった
sounds/common_voice_ja_19534041.wav,駐車違反が減少し交通事故が減少すれば一気に吹きとぶことだろう
sounds/common_voice_ja_19507441.wav,このかばんは大きくて重いです
sounds/common_voice_ja_19682410.wav,風が和らいだ
sounds/common_voice_ja_19572008.wav,風が雪のふきだまりを作った
sounds/common_voice_ja_19712328.wav,父はそんなに果物を食べない
sounds/common_voice_ja_19485634.wav,先月隣の町にデパートができました
sounds/common_voice_ja_19682874.wav,彼女は筆ぶしょうだ
sounds/common_voice_ja_19485885.wav,兵隊は暗闇で四方に目を配った
sounds/common_voice_ja_19711814.wav,風邪を引いていたので私は学校を休んだ
sounds/common_voice_ja_19507465.wav,彼等の数は多い
sounds/common_voice_ja_19492764.wav,さあよく分かりません
sounds/matthew_02-25.wav,言った起きて子供とその母親を連れイスラエルの地に行きなさいこの子の命をねらっていた者どもは死んでしまった
sounds/common_voice_ja_19779206.wav,兵士たちは戦いの準備が出来ている
sounds/common_voice_ja_19485874.wav,彼女は夕食前にいつもピアノを練習する
sounds/common_voice_ja_19682996.wav,あの先生は大変りっぱな方です
sounds/common_voice_ja_19500872.wav,今度は逆に黒い部分に注目してみる
sounds/common_voice_ja_19485565.wav,不時にそなえなくてはいけない
sounds/common_voice_ja_19682306.wav,その結果雨が降れば大量の表土赤土化学肥料農薬が海に流れだす
sounds/common_voice_ja_19507452.wav,彼女は夕食後国語の勉強をした
sounds/common_voice_ja_19507446.wav,父は商用でアメリカに行くことが多い
sounds/common_voice_ja_19779203.wav,彼女は門のところに車を停めた
sounds/common_voice_ja_19572007.wav,彼女は悲惨な死に方をした
sounds/common_voice_ja_38425472.wav,先生は手よりも頭でやる方がずっと仕事が出来ること人民たちは残らずこの立派な先生に教わりに来てよく習わなければならないことだのを
sounds/common_voice_ja_19682681.wav,彼女は誘惑に負けてその宝石を買ってしまった
sounds/common_voice_ja_19485562.wav,髪も上げたほうが私は好きだ
sounds/common_voice_ja_19712330.wav,田中さんの家には車が二台あります
sounds/common_voice_ja_19547317.wav,まさにかわら版的政治寸評である
sounds/common_voice_ja_19710975.wav,負傷者現場から運ばれて行った
sounds/common_voice_ja_19682957.wav,父は暇なときにはよく推理小説を読んでいました
sounds/matthew_01-12.wav,ヨシヤはバビロンへ移住させられたころエコンヤとその兄弟たちをもうけた
sounds/common_voice_ja_19683044.wav,父の弁護士に遺言状を作成してもらった
sounds/common_voice_ja_19507492.wav,部員は先輩に一人ずつブローチを贈ることにした
sounds/common_voice_ja_19502606.wav,家の前は公園です
sounds/common_voice_ja_19711211.wav,彼女は夫から連絡があるまでずっといらいらしていた
sounds/common_voice_ja_19620158.wav,ゆらゆら電球が揺れて影が草の上をちらちらした
sounds/common_voice_ja_19507533.wav,あそこにたくさん店が並んでいます
sounds/common_voice_ja_19673793.wav,真昼の太陽がテニスコートを目も眩むほどに照らしあげた
sounds/common_voice_ja_19507451.wav,彼女へのクリスマスの贈り物は何ですか
sounds/common_voice_ja_19507428.wav,彼女は目標を達成した
sounds/common_voice_ja_38394777.wav,この動物は顔が人間より少し平たく鼻は落ち込んでいて唇が厚く口は広く割れていますだがこれくらいの違いなら野蛮人にだってあるはず
sounds/common_voice_ja_19502624.wav,彼女は良家の出身だ
sounds/common_voice_ja_19683094.wav,父はもっとよい地位につくために辞職した
sounds/common_voice_ja_19500923.wav,夕飯を食べておふろに入って寝ます
sounds/common_voice_ja_19485560.wav,肩慣らしには丁度いいかも
sounds/common_voice_ja_19673952.wav,父は私にいつも勇敢で快活であれと言いました
sounds/common_voice_ja_19507528.wav,変わりびなは世相をつづる
sounds/common_voice_ja_19507499.wav,部屋代はとても高い
sounds/common_voice_ja_19492773.wav,必ずこの手紙を渡して下さい
sounds/common_voice_ja_19763601.wav,彼女は料理になれている
sounds/common_voice_ja_19500870.wav,部屋の掃除を手伝ってくれませんか
sounds/common_voice_ja_19682761.wav,彼女は哀れを誘う有様だった
sounds/common_voice_ja_19534055.wav,祖母はおおむね機嫌よくサイコロをころがしている
sounds/common_voice_ja_19485633.wav,デパートで来年のカレンダーを買いました
sounds/common_voice_ja_19682992.wav,彼女は無断で欠勤した
sounds/common_voice_ja_19779200.wav,あしたイさんに電話をします
sounds/common_voice_ja_19485581.wav,去年より今年のほうが暑いです
sounds/common_voice_ja_19500871.wav,父は来月のはじめに帰ってきます
sounds/common_voice_ja_19580235.wav,父は毎週給料の一部を銀行に預金する
sounds/common_voice_ja_19763932.wav,彼女を映画に誘ったのだ
sounds/common_voice_ja_19523283.wav,空が少し曇ってきました
sounds/common_voice_ja_19682730.wav,社屋や従業員に被害はなく平常通り営業している
sounds/common_voice_ja_19534137.wav,風がひどく吹いている
sounds/common_voice_ja_19711820.wav,彼等はずっとよい友達だった
sounds/common_voice_ja_19711616.wav,あのかばんはわたしのかばんと同じです
sounds/common_voice_ja_19712374.wav,毎日八時間働きます
sounds/common_voice_ja_19485553.wav,向こうの空を鳥が飛んでいます
sounds/common_voice_ja_19779207.wav,来年わたしは新しい車を買おうと思います
sounds/common_voice_ja_19621169.wav,あした忘れないで本を返します
sounds/common_voice_ja_19580206.wav,彼女を見れば好きになる
sounds/common_voice_ja_19507435.wav,公園を散歩して家へ帰ります
sounds/common_voice_ja_19499817.wav,父は怒った顔をして私をちらっと見た
sounds/common_voice_ja_19492763.wav,あなたの行くところならどこへでも付いてゆくと決めたのだもの
sounds/common_voice_ja_19710848.wav,もう一杯水を飲みます
sounds/common_voice_ja_19682269.wav,きょうは妻の誕生日なので早くうちへ帰ろうと思います
sounds/common_voice_ja_19507459.wav,部屋を出るときは明かりを消したかどうか確かめて下さい
sounds/common_voice_ja_19507461.wav,田中さんは林さんに仕事を頼まれました
sounds/common_voice_ja_19710847.wav,彼女は料理がうまいと自慢している
sounds/common_voice_ja_19682871.wav,父はいそがしすぎて散歩もできません
sounds/common_voice_ja_19711619.wav,彼女は夕食の支度をしなければならない
sounds/matthew_01-24.wav,このすべてのことが起こったのは主が預言者を通して言われていたことが実現するためであった
sounds/common_voice_ja_19507513.wav,妹はきょうも高い熱が続いているので心配です
sounds/common_voice_ja_19507466.wav,きのうカラオケに行きましたがあまり歌いませんでした
sounds/common_voice_ja_19682994.wav,彼女は夕食の前にさっぱりした
sounds/common_voice_ja_19763997.wav,兵士は命令を実行しなければならない
sounds/common_voice_ja_19499819.wav,負傷者は救急車で運ばれた
sounds/common_voice_ja_19485570.wav,風がおさまると急に静かになった
sounds/common_voice_ja_19537423.wav,今いる市民が逃げ出すという事態が危惧されます
sounds/common_voice_ja_19711206.wav,標識には出口と書かれている
sounds/common_voice_ja_19485876.wav,大人になったらお酒を飲むことができます
sounds/common_voice_ja_38425471.wav,北海道足寄町
sounds/common_voice_ja_19507497.wav,風がとても激しく吹いている
sounds/common_voice_ja_19682846.wav,あの人の名前を忘れてしまいました
sounds/common_voice_ja_19485255.wav,部屋の中でキャッチボールをしてはいけません
sounds/common_voice_ja_19712377.wav,普通でいいですか
sounds/common_voice_ja_19534136.wav,必要なら彼女に地図を書いてあげるとトムは言った
sounds/common_voice_ja_19496632.wav,父は壁を白く塗った
sounds/common_voice_ja_19507443.wav,不正に対して反対の声を上げろ
sounds/common_voice_ja_19580187.wav,これは日本で売っていない食べ物です
sounds/common_voice_ja_19485568.wav,俺を哀れに思って助けてくれたのさ
sounds/common_voice_ja_19482545.wav,彼女を喜ばすためなら何でもやります
sounds/common_voice_ja_19485589.wav,父は両足を火のほうにのばしてソファーで居眠りしていました
sounds/common_voice_ja_19485559.wav,喜びばかりが続くとは限らないのだ
sounds/common_voice_ja_19534057.wav,台風で電車が遅れました
sounds/common_voice_ja_19500896.wav,来週わたしは友達と東京へ遊びに行きます
sounds/common_voice_ja_19485602.wav,一年に一回海外へ行きます
sounds/common_voice_ja_19486653.wav,しかし使徒たちはその危険に気付いた
sounds/common_voice_ja_19534122.wav,富士山がすばらしい眺めだった
sounds/common_voice_ja_19763875.wav,先生の話は意味が分かりませんでした
sounds/common_voice_ja_19711066.wav,病院は非常にお金がかかります
sounds/common_voice_ja_19500873.wav,彼女は母親似です
sounds/common_voice_ja_19500899.wav,彼女は目立ちたがり屋だ
sounds/common_voice_ja_19673953.wav,彼は都市生活の面で便利な面を強調した
sounds/common_voice_ja_19682305.wav,彼女は返事に困った
sounds/common_voice_ja_19683089.wav,氷が溶けている
sounds/common_voice_ja_19485558.wav,彼女は浮かんでいる雲を見た
sounds/common_voice_ja_19499820.wav,出かけるときハンカチを持って行きます
sounds/common_voice_ja_19682070.wav,彼女は僕からゆっくり離れていった
sounds/common_voice_ja_19496629.wav,貧者を見下してはいけない
sounds/common_voice_ja_19485245.wav,必要なら君と一緒に行こう
sounds/matthew_01-05.wav,アラムはアミナダブをアミナダブはナフションをナフションはサルモンを
sounds/common_voice_ja_19500922.wav,おやじは頑固だけれどもそんなえこひいきはせぬ男だ
sounds/common_voice_ja_19500924.wav,どうしてですか
sounds/common_voice_ja_19507489.wav,風邪が治るのに一か月以上かかった
sounds/common_voice_ja_19711617.wav,彼女は夫と離婚した
sounds/common_voice_ja_19534024.wav,もっと広い議場をという声もあったがチャーチル首相が抑えた
sounds/common_voice_ja_19507546.wav,彼女は飛行機に乗り込む前に私に手を振った
sounds/common_voice_ja_19492771.wav,コンピュータゲームのメーカーや業界団体などに関連する人物のカテゴリ
sounds/common_voice_ja_19485561.wav,父はバスに遅れてばかりいた
sounds/common_voice_ja_38394794.wav,最初のうちはきわめて小さなものだったのでしょうがソルディーニ氏のようなお役人たちの熱心さによって大きなものとなってしまいました
sounds/matthew_01-20.wav,夫ヨセフは正しい人であったのでマリアのことを表ざたにするのを望まずひそかに縁を切ろうと決心した
sounds/common_voice_ja_19534150.wav,こんなに上手に英語で手紙を書けるのにどうして話せないの
sounds/common_voice_ja_19507532.wav,彼女は亡霊を見て髪を逆立てた
sounds/common_voice_ja_38040716.wav,村は深い雪のなかに横たわっていた城の山は全然見えず霧と闇とが山を取り巻いていて大きな城のありかを示すほんの微かな光さえも射していなかった
sounds/common_voice_ja_19507429.wav,彼女は魅力的だ
sounds/common_voice_ja_19507488.wav,父が花に水をやるのを手伝った
sounds/common_voice_ja_19682998.wav,辞書を見て日本語を勉強します
sounds/common_voice_ja_19584427.wav,父は泳げますが母は泳げません
sounds/common_voice_ja_19485567.wav,本状の持参人は友人の鈴木君です
sounds/common_voice_ja_19485247.wav,不景気だと言いつつ今年のゴールデンウイークに海外旅行をする人は過去最高らしい
sounds/common_voice_ja_19710967.wav,彼女は余り親しくなかった
sounds/common_voice_ja_19496605.wav,今日はとても暑い
sounds/common_voice_ja_19507454.wav,物価が上がりつつある
sounds/common_voice_ja_19485566.wav,富士山はみんなに知られている
sounds/common_voice_ja_19485551.wav,筆記用具を持って来るのを忘れた
sounds/common_voice_ja_19534110.wav,壁に何枚かの絵があります
sounds/common_voice_ja_19711207.wav,彼女は瓶から牛乳を空けた
sounds/common_voice_ja_19682194.wav,危ないのであそこの窓を開けてはいけません
sounds/common_voice_ja_19517024.wav,彼女は風邪を引きやすかった
sounds/common_voice_ja_19507434.wav,夫の死後ずっと彼女は一人暮らしだ
sounds/common_voice_ja_19485622.wav,大昔のフィリピンには豊かな土地があった
sounds/common_voice_ja_19534154.wav,不眠症です
sounds/common_voice_ja_19682060.wav,貧乏暇なしですよ
sounds/common_voice_ja_19500874.wav,彼女は彼女の祖母に育てられた
sounds/common_voice_ja_19485595.wav,この料理は家庭で作れます
sounds/matthew_01-11.wav,ヒゼキヤはマナセをマナセはアモスをアモスはヨシヤを
sounds/common_voice_ja_19507444.wav,物価を調査するために委員会が設立された
sounds/common_voice_ja_19682265.wav,勉強すれば少しずつ日本語が上手になるでしょう
sounds/common_voice_ja_19485574.wav,ツュレンハルト領はヴュルテンベルク領に編入された
sounds/common_voice_ja_19682869.wav,皆さん来週漢字のテストをします
sounds/common_voice_ja_19485656.wav,父は禁煙を決意した
sounds/common_voice_ja_19682927.wav,平和の反対は戦争である
sounds/common_voice_ja_19682843.wav,半年一年とつづくと自分から願い出て病院を移ることがあるという
sounds/common_voice_ja_19496628.wav,この色はとてもきれいです
sounds/common_voice_ja_19507467.wav,彼女は卵を持ち逃げした
sounds/common_voice_ja_19580186.wav,部屋の中はものすごく静かだった
sounds/common_voice_ja_19547305.wav,物事をいいかげんにするな
sounds/common_voice_ja_19485877.wav,部屋には彼が一人だった
sounds/common_voice_ja_19507534.wav,彼女は彼を宥めすかして機嫌を直させた
sounds/common_voice_ja_38350882.wav,この芸を一番うまく熱心にやった者に優等賞として青色の糸が授けられます二等賞は赤糸で緑が三等賞です
sounds/common_voice_ja_19682895.wav,不運にも案内者が道をまちがえた
sounds/common_voice_ja_19500965.wav,父は夕食前に入浴する
sounds/common_voice_ja_19485593.wav,わたしは静かできれいな所に住みたいです
sounds/common_voice_ja_19507523.wav,父の懐におられる一人子の神が神を解き明かされたのである
sounds/common_voice_ja_19485546.wav,物事は重なって起こる
sounds/common_voice_ja_19682728.wav,兵士の食料が底をつきかけている
sounds/common_voice_ja_19485618.wav,うちの中学は弁当制で持って行けない場合は五十円の学校販売のパンを買う
sounds/common_voice_ja_19492772.wav,文無しなんだ
sounds/common_voice_ja_19683048.wav,車は高いですが便利です
sounds/common_voice_ja_19485547.wav,分かってるんだけどどうしようもないのよ
sounds/common_voice_ja_19763770.wav,今姉は東京に一人で住んでいます
sounds/common_voice_ja_19485627.wav,あの人は足が細くて長いです
sounds/common_voice_ja_19682732.wav,鼻風邪をひきました
sounds/common_voice_ja_19507487.wav,彼女は病気だろうと思う熱があるから
sounds/common_voice_ja_19763600.wav,じゃあバスで病院へ行きます
sounds/common_voice_ja_19534042.wav,部屋は真っ暗だったので全く何も見えなかった
sounds/common_voice_ja_38337213.wav,今度はタラスのところへ行った第二の小悪魔がおれの方は手伝ってもらわなくてもいいうまく運んでいると言いながら話し出しました
sounds/common_voice_ja_19485249.wav,逆境に耐えたこのプロデューサーの作品にはヒューマニズムが脈々と息ずいている
sounds/common_voice_ja_19580184.wav,そうなんです
sounds/common_voice_ja_19682308.wav,彼女は微笑みながら私に話しかけた
sounds/common_voice_ja_19502621.wav,持ち物は食器着替えの下着タオル洗面用具などだ
sounds/common_voice_ja_19682729.wav,国産品のように見えて実は外国産という食品が氾濫している
sounds/common_voice_ja_19485887.wav,来月から新しい生徒が来るそうです
sounds/common_voice_ja_19534138.wav,いっしょに旅行に行きませんか
sounds/common_voice_ja_19682239.wav,父は料理が得意だ母はといえば食べるのが得意だ
sounds/common_voice_ja_19485600.wav,エドガーさんは魔法使いだった事もあるんですか
sounds/common_voice_ja_19507476.wav,物価はまだ上昇中である
sounds/common_voice_ja_19547342.wav,父は医者です
sounds/common_voice_ja_19523286.wav,彼女は料理がうまい
sounds/matthew_02-04.wav,これを聞いてヘロデ王は不安を抱いたエルサレムの人々も皆同様であった
sounds/common_voice_ja_19779202.wav,病気のため彼はその会合に出席できなかった
sounds/common_voice_ja_19496648.wav,父は毎日日記をつけている
sounds/common_voice_ja_19682236.wav,父は夜ジョギングすることに慣れている
sounds/common_voice_ja_19682327.wav,父も私も初めてその美術館へ行きました
sounds/common_voice_ja_19677957.wav,皆さんが行くならわたしも行きます
sounds/common_voice_ja_19711063.wav,彼女は美術の勉強をするためにフランスにいった
sounds/common_voice_ja_19711615.wav,彼の話はあまりにも馬鹿げていたので誰も信じなかった
sounds/common_voice_ja_19507525.wav,父は少し頭が古い
sounds/common_voice_ja_19507426.wav,物価は上がり目だった
sounds/common_voice_ja_19500966.wav,天衣無縫おおらかなものだ
sounds/common_voice_ja_19499629.wav,新しい靴をはいて出かけます
sounds/common_voice_ja_19507431.wav,兵士たちは夜明け前にその丘のふもとに着いた
sounds/common_voice_ja_19496665.wav,三日前髪を切りました
sounds/common_voice_ja_19673951.wav,避妊はちゃんとコンドームつけてたのよね
sounds/common_voice_ja_19673949.wav,物価を押し上げるのにいくつかの要因が作用した
sounds/common_voice_ja_19712362.wav,山田さんはおもしろい人です
sounds/common_voice_ja_19507457.wav,物は試し
sounds/common_voice_ja_19711613.wav,汚い行為の報いは必ず自分に返ってくる
sounds/common_voice_ja_19529147.wav,農業をやめざるをえない人があり関連企業もこの不況にひきずられているという
sounds/common_voice_ja_19502627.wav,雰囲気はいささか緊張したものになることがある
sounds/common_voice_ja_19502603.wav,不動産の価格が日本では異常なほどに高騰してきた
sounds/common_voice_ja_19683017.wav,あの人は小林さんです
sounds/common_voice_ja_19534034.wav,いろいろありがとうございました
sounds/common_voice_ja_19485256.wav,氷山の一角だよ
sounds/common_voice_ja_19547327.wav,私は編集員を四年くらいはやったと思う
sounds/common_voice_ja_19529145.wav,名前を書いてください
sounds/common_voice_ja_19547308.wav,不意を打たれて私は返事に困った
sounds/common_voice_ja_19682962.wav,あしたの朝洗濯しなければなりません
sounds/common_voice_ja_19682817.wav,父が出かけようとした矢先に電話が鳴った
sounds/common_voice_ja_19502607.wav,風やら雨やらで旅行は台無しだった
sounds/common_voice_ja_19485601.wav,貧しいので買えない
sounds/common_voice_ja_19711064.wav,取っ組み合いは夕方まで続いた
